Titre source;Exemples cités;Date_stat;Type;Date;Citations
De la puissance légitime (1581); Moyse propose les conditions d'alliance;-1491; Antiquité biblique; Antiquité;" ""**Moyse** venant à mourir propose ces conditions d'alliance à tout le peuple [16]"""
De la puissance légitime (1581); Phinees traite avec les lignées;-1452; Antiquité biblique; Antiquité;" ""le Sacrificateur **Phinees** fils de Eleazar est envoyé vers les autres, pour traiter avec eux [34]"""
De la puissance légitime (1581); Josué succède à Moyse;-1451; Antiquité biblique; Antiquité;" ""Apres le trespas de Moyse, **Josué** fut establi chef & conducteur du peuple de Dieu [17]"""
De la puissance légitime (1581); Ehuh tue Eglon;-1336; Antiquité biblique; Antiquité;" ""**Ehuh**... tua **Eglon** Roy de Moab, & delivra Israel [41]"""
De la puissance légitime (1581); Debora et Barac défont Sisara;-1209; Antiquité biblique; Antiquité;" ""la Prophetesse **Debora**... sous la conduite de **Barac**, met en route **Sisara** lieutenant de Jabin [38]"""
De la puissance légitime (1581); Jahel tue Sisara lieutenant de Jabin;-1209; Antiquité biblique; Antiquité;" ""benite soit **Jahel** femme de **Heber Cineen**, la quelle... tue **Sisara** chef de l'armee [24]"""
De la puissance légitime (1581); Gedeon et Iephté obtiennent des victoires;-1200; Antiquité biblique; Antiquité;" ""au lieu de gratifier & louër **Gedeon** & **Iephté** des victoires obtenues sur les Madianites [25]"""
De la puissance légitime (1581); Samuel établit Saul;-1095; Antiquité biblique; Antiquité;" ""Apres que **Saul** eust esté oinct, esleu & du tout establi Roy, **Samuel** parla au peuple [18, 19]"""
De la puissance légitime (1581); Agag meurt par le mandement;-1063; Antiquité biblique; Antiquité;" ""Saul... sauve la vie à **Agag** roy des Amalecites, contre l'expres mandement du Seigneur [20]"""
De la puissance légitime (1581); David déclare que la terre appartient au Seigneur;-1000; Antiquité biblique; Antiquité;" ""La terre appartient au Seigneur, & tout le contenu d'icelle, ce dit le Roy **David** [8]"""
De la puissance légitime (1581); Roine de Saba parle au roy Salomon;-950; Antiquité biblique; Antiquité;" ""Le Seigneur ton Dieu soit benit, disoit la **roine de Saba** au roy **Salomon**, qui t'a eu agreable pour te mettre sur son throne [9]"""
De la puissance légitime (1581); Ahia prédit la division du royaume;-931; Antiquité biblique; Antiquité;" ""Incontinent le Prophete **Ahia** predit que le royaume sera divisé sous son fils Roboam [21]"""
De la puissance légitime (1581); Roboam perd dix lignées au profit de Jeroboam;-931; Antiquité biblique; Antiquité;" ""dix lignees... quittent **Roboam** pour adherer à **Jeroboam** serviteur d'iceluy [21, 22]"""
De la puissance légitime (1581); Baasa extermine la race de Jeroboam;-909; Antiquité biblique; Antiquité;" ""toute sa race jusques au dernier masle fut raclee du monde par le glaive de **Baasa** [23, 24]"""
De la puissance légitime (1581); Abdias nourrit les prophètes;-860; Antiquité biblique; Antiquité;" ""Neantmoins **Abdias**, maistre d'hostel d'Achab cache & nourrit cent Prophetes [29]"""
De la puissance légitime (1581); Elie redargue Achab et Jesabel;-860; Antiquité biblique; Antiquité;" ""**Elie**... redargue plus vivement le Roy (**Achab**) & tout le peuple... malgré la meschante & furieuse **Jesabel** [30]"""
De la puissance légitime (1581); Naboth refuse sa vigne à Achab;-860; Antiquité biblique; Antiquité;" ""**Achab** Roy d'Israel ne pouvoit pas contraindre **Naboth** de vendre sa vigne [57]"""
De la puissance légitime (1581); Jehu extermine la race d'Achab;-841; Antiquité biblique; Antiquité;" ""**Jehu**, qui mit à mort son Seigneur le Roy Joram, extermina la race d'Achab [42]"""
De la puissance légitime (1581); Athalia meurt par la conjuration de Joiadas;-835; Antiquité biblique; Antiquité;" ""Le Souverain Sacrificateur **Joiadas**... fait sacrer & couronner Roy son neveu Loas... fait mettre à mort **Athalia** [35, 36]"""
De la puissance légitime (1581); Joas fait alliance avec Dieu et Joiada;-835; Antiquité biblique; Antiquité;" ""Quand le Roy **Joas** fut couronné, nous lisons qu'alliance fut contractee entre Dieu, le Roy & le peuple: ou... entre **Joiada** souverain Sacrificateur [14, 15]"""
De la puissance légitime (1581); Osee décrit le péché des princes;-750; Antiquité biblique; Antiquité;" ""il me souvient de ce que dit le Prophete **Osee**, Les Princes de Juda ont esté comme ceux qui transposent la borne [5, 6]"""
De la puissance légitime (1581); Michee maudit ceux qui obéissent aux ordonnances;-735; Antiquité biblique; Antiquité;" ""malediction du Prophete **Michee**, qui deteste & maudit au nom de Dieu tous ceux qui obeissent aux meschantes ordonnances [33]"""
De la puissance légitime (1581); Josias fait alliance avec Dieu;-622; Antiquité biblique; Antiquité;" ""De mesme lisons nous que **Josias** & tout son peuple firent alliance avec Dieu [15]"""
De la puissance légitime (1581); Jehoiakim fait tuer le prophète Vrie;-609; Antiquité biblique; Antiquité;" ""fait du Roy **Jehoiakim** qui... avoit fait tuer le Prophete **Vrie** [47]"""
De la puissance légitime (1581); Sidrac, Misach et Abednago refusent l'obéissance;-594; Antiquité biblique; Antiquité;" ""**Sidrac**, **Misach** & **Abednago** refusent d'obeir à Nebuchadnezar [31]"""
De la puissance légitime (1581); Sedechias craint le conseil des anciens;-588; Antiquité biblique; Antiquité;" ""**Sedechias** eut en telle reverence l'autorité de ce conseil... n'osa pas mesme le faire changer [47]"""
De la puissance légitime (1581); Nebuchadnesar reconnaît le Dieu de Daniel;-570; Antiquité biblique; Antiquité;" ""**Nebuchadnesar**... a finalement reconu cela: car comme **Daniel** l'appellast Roy des rois... ton Dieu, ô Daniel, est vrayement le Dieu des dieux [10]"""
De la puissance légitime (1581); Belsasar abuse des vaisseaux du Temple;-539; Antiquité biblique; Antiquité;" ""son fils **Belsasar** abuse des vaisseaux sacrez du Temple de Jerusalem [26]"""
De la puissance légitime (1581); Esdras et Nehemie disposent le temple;-445; Antiquité biblique; Antiquité;" ""Si quelqu'un, à l'exemple d'**Esdras** ou **Nehemie**, se dispose pour bastir le temple du Seigneur, on dira qu'il aspire à la couronne [7]"""
De la puissance légitime (1581); Eleazar résiste à Antiochus;-167; Antiquité biblique; IIe siècle av. J.-C.;" ""Daniel à Darius, **Eleazar** à Antiochus, & infinis autres [31]"""
De la puissance légitime (1581); Mathathias tue un Juif à Modin;-167; Antiquité biblique; IIe siècle av. J.-C.;" ""**Mathathias**... tue de sa propre main le Juif qui contraignoit ses citoyens de sacrifier aux idoles [37]"""
De la puissance légitime (1581); Herodes veut faire mourir Jesus Christ;-4; Antiquité biblique; Ier siècle;" ""**Herodes** redoutant **Jesus Christ**, le regne duquel il devoit avancer, & voulant le faire mourir [25]"""
De la puissance légitime (1581); Jesus Christ subit des calomnies;30; Antiquité biblique; Ier siècle;" ""**Jesus Christ**, les Apostres, tous les Chrestiens de la primitive Eglise estoyent chargez de telles calomnies [7]"""
De la puissance légitime (1581); Theudas et Barcozba guident le peuple;89; Antiquité biblique; Ier siècle;" ""ne soit guidé par un imposteur... en l'armee de quelque **Theudas** Galileen ou de **Barcozba** [43, 44]"""
De la puissance légitime (1581); Ephraim souffre injure par le commandement;je ne sais pas; Antiquité biblique; Antiquité;" ""**Ephraim** souffre injure & est cassé en jugement, pour ce qu'il a commencé d'aller apres le commandement mauvais [6]"""
De la puissance légitime (1581); Vrie témoigne de son service à l'armée;je ne sais pas; Antiquité biblique; Antiquité;" ""Pourtant **Vrie** parloit en vray serviteur de Dieu... quand il disoit, l'Arche du Seigneur... sont és tentes [24]"""
De la puissance légitime (1581); Lycurgus s'assujettit le premier aux loix;-800; Antiquité classique; Antiquité;" ""**Lycurgus** Legislateur des Lacedemoniens... il ne fit loy quelconque pour les autres, à laquelle il ne s'assujettist le premier [2, 3]"""
De la puissance légitime (1581); Homère appelle les rois juges des villes;-750; Antiquité classique; Antiquité;" ""quand le poete **Homere** appelle les Rois juges des villes, & en descrivant **Agamemnon**, il le nomme sage, fort, & vaillant [3]"""
De la puissance légitime (1581); Theopompus institue les Ephores;-720; Antiquité classique; VIIIe siècle av. J.-C.;" ""dire de **Theopompus** Roy de Sparte, apres que les **Ephores**... eurent esté instituez [52]"""
De la puissance légitime (1581); Deioces est élu juge par les Medes;-700; Antiquité classique; VIIIe siècle av. J.-C.;" ""Ciceron dit qu'entre les **Medes** **Deioces** se meslant d'appointer les debats de quelques voisins & amis particuliers fut esleu juge, & Roy finalement [1]"""
De la puissance légitime (1581); Horatius est absous par le peuple;-670; Antiquité classique; VIIe siècle av. J.-C.;" ""l'histoire d'**Horatius** condamné par les juges Royaux, pour avoir tué sa sœur, & absous par le peuple [48]"""
De la puissance légitime (1581); Arbactus tue Sardanapale;-612; Antiquité classique; Antiquité;" ""**Arbactus** gouverneur de Mede tue **Sardanapale** filant entre les femmes [69]"""
De la puissance légitime (1581); Solon compare les lois à la monnaie;-590; Antiquité classique; VIe siècle av. J.-C.;" ""Le Legislateur **Solon** souloit comparer les loix à la monnoye, pour ce qu'elles maintienent la societé humaine [9]"""
De la puissance légitime (1581); Cyrus sacrifie à Dieu à son couronnement;-559; Antiquité classique; VIe siècle av. J.-C.;" ""Pour ceste cause Xenophon dit, qu'au couronnement de **Cyrus** on sacrifia à Dieu [10, 11]"""
De la puissance légitime (1581); Cambyses approuve le mariage avec sa sœur;-524; Antiquité classique; VIe siècle av. J.-C.;" ""pour ce que **Cambyses** fils de Cyrus estoit amoureux de sa propre sœur, il voulut que les mariages des freres avec leurs sœurs fussent aprouvez [4]"""
De la puissance légitime (1581); Tarquinius Superbus est estimé tyran à Rome;-509; Antiquité classique; VIe siècle av. J.-C.;" ""**Tarquinius Superbus** a esté estimé tyran, pour ce que n'ayant esté creé du peuple, ni du Senat, il occupoit la Royauté en vertu de ses moyens [2]"""
De la puissance légitime (1581); Archidamus désigne les lois comme gouverneurs de Sparte;-450; Antiquité classique; IVe siècle av. J.-C.;" ""**Archidamus** fils de Zeuxidamus, enquis qui estoyent les gouverneurs de la ville de Sparte? Les loix, & les Magistrats [8]"""
De la puissance légitime (1581); Thrasymachus définit la loi par le profit des princes;-430; Antiquité classique; Ve siècle av. J.-C.;" ""n'aprouverons nullement ce que disoit **Thrasymachus Chalcedonien**, que le profit & le plaisir des Princes est la reigle & definition de toutes loix [7]"""
De la puissance légitime (1581); Clearchus et Anaxilaus s'opposent à Byzance;-409; Antiquité classique; IVe siècle av. J.-C.;" ""establi rent chef & gouverneur **Clearchus**... **Anaxilaus** l'un des principaux de la ville... entre en communication avec Alcibiades [18]"""
De la puissance légitime (1581); Alexandre le Grand prend plaisir aux mensonges;-329; Antiquité classique; IVe siècle av. J.-C.;" ""**Alexandre le grand** prenoit plaisir aux mensonges des flatteurs qui l'apelloyent fils de Jupiter [26]"""
De la puissance légitime (1581); Anaxarchus console Alexandre pour la mort de Clitus;-328; Antiquité classique; IVe siècle av. J.-C.;" ""dirons pas ce qu'**Anaxarchus** disoit à **Alexandre** fort angoissé de la mort de son ami **Clitus**, lequel il avoit tué de sa propre main [6]"""
De la puissance légitime (1581); Herdonius Sabinus et Spartacus prennent les armes;-267; Antiquité classique; Ier siècle av. J.-C.;" ""Sera-il permis à un **Herdonius Sabinus**, à **Eunus Surianus**, ou à un tel maistre d'espee que **Spartacus**, brief à un particulier de presenter le bonnet [19]"""
De la puissance légitime (1581); Livius Salinator invente le péage du sel;-204; Antiquité classique; IIIe siècle av. J.-C.;" ""premier inventeur de ce peage à Rome, a savoir le Censeur **Livius**, qui en fut surnommé **Salinator** [61]"""
De la puissance légitime (1581); Antiochus commande d'obéir à ses loix;-167; Antiquité classique; IIe siècle av. J.-C.;" ""**Antiochus**... commande à tous de laisser les Loix de Dieu, & d'obeir aux sienes [27]"""
De la puissance légitime (1581); Durionius s'oppose à la loi contre les excès;-134; Antiquité classique; IIe siècle av. J.-C.;" ""un certain **Durionius**, Tribun du peuple, s'opposant à la loy faite contre les exces qui avoyent la vogue à Rome [5]"""
De la puissance légitime (1581); Ambiorix et Vercingentorix parlent devant l'assemblée;-53; Antiquité classique; Ier siècle av. J.-C.;" ""**Ambiorix**, Roy des Eburons... **Vercingentorix**, lequel rend raison de son fait devant l'assemblee [50, 51]"""
De la puissance légitime (1581); Ovide cite Erichtheus pour ses vertus;8; Antiquité classique; Antiquité;" ""comme aussi **Ovide** dit d'**Erichtheus**, qu'on n'eust sçeu dire laquelle des deux vertus reluisoit davantage en luy, ou la justice ou la promesse [3]"""
De la puissance légitime (1581); Vitellius est mutilé par sentence;69; Antiquité classique; 69;" ""la sentence, en vertu de laquelle **Vitellius** fut ignominieusement mutilé, pourmené en miserable estat par la ville [521/591]"""
De la puissance légitime (1581); Domitian veut être appelé Dieu;89; Antiquité classique; Ier siècle;" ""propos est digne de cest execrable **Domitian**, lequel (comme recite Suetone) voulut estre apellé Dieu & Seigneur [12, 13]"""
De la puissance légitime (1581); Martial appelle les édits du nom de Dieu;94; Antiquité classique; Ier siècle;" ""au poete **Martial**, qui n'a point de honte d'apeller les edits de Domitian, les edits du Seigneur Dieu [12]"""
De la puissance légitime (1581); Adrian relègue un père meurtrier;128; Antiquité classique; IIe siècle;" ""l'Empereur **Adrian** relegua en une isle un pere qui avoit tué son fils à la chasse [56]"""
De la puissance légitime (1581); Agrippine et Mammea gouvernent l'Empire;158; Antiquité classique; Ier-IIIe siècle;" ""**Agrippine**, de l'Empire Romain du temps de son fils Neron: **Mammea**, sous Alexandre Severe [15]"""
De la puissance légitime (1581); Papinian refuse d'obéir à Caracalla;212; Antiquité classique; IIIe siècle;" ""jurisconsulte **Papinian**, qui reprendra en face **Caracalla**, aimera mieux mourir qu'obeir [28]"""
De la puissance légitime (1581); Semiamire gouverne sous Heliogabale;220; Antiquité classique; IIIe siècle;" ""**Semiamire**, sous Heliogabale: & quelques Brunechildes du Royaume de France [15]"""
De la puissance légitime (1581); Maximinus est jugé ennemi par le Senat;237; Antiquité classique; IIIe siècle;" ""par arrest du Senat l'Empereur **Maximin** fut jugé ennemi de la Republique [48]"""
De la puissance légitime (1581); Maximus et Albinus sont créés empereurs;238; Antiquité classique; IIIe siècle;" ""**Maximus** & **Albinus** eurent esté creez Empereurs par le Senat [49]"""
De la puissance légitime (1581); Maurice est général de la légion de Thebes;286; Antiquité classique; IIIe siècle;" ""celle de Thebes, de laquelle sainct **Maurice** estoit general, qui souffrit mort [45]"""
De la puissance légitime (1581); Licinius subit la guerre de Constantin;324; Antiquité classique; IVe siècle;" ""**Constantin** assaillit en guerre ouverte **Licinius**, lequel bannissoit, tourmentoit & saccageoit les chrestiens [21]"""
De la puissance légitime (1581); Denis devient pédante à Corinthe;-343; Antiquité classique; IVe siècle av. J.-C.;" ""contraint de devenir pedante, & fouëtter les petis enfans... comme il avint au jeune **Denis** tyran de Sicile [46]"""
De la puissance légitime (1581); Constans menace Constantius pour Athanase;346; Antiquité classique; IVe siècle;" ""**Constans** favorisoit aux Chrestiens, **Constantius** qui estoit l'aisné, soustenoit les Arians [22]"""
De la puissance légitime (1581); Julian l'Apostat abandonne Jesus Christ;361; Antiquité classique; IVe siècle;" ""**Julian l'Apostat** abandonne Jesus Christ pour adherer à l'idolatrie & impieté des Payens [25]"""
De la puissance légitime (1581); Valentinian permet d'avoir deux femmes;370; Antiquité classique; IVe siècle;" ""nous voyons **Valentinian**, autre ment bon Empereur, permettre à tous ceux de l'Empire d'avoir deux femmes à la fois [4]"""
De la puissance légitime (1581); Ambroise refuse le temple à Valentinian;386; Antiquité classique; IVe siècle;" ""Que fit sainct **Ambroise**, lors que l'Empereur **Valentinian** luy commanda de bailler le temple de Milan aux Arians [32]"""
De la puissance légitime (1581); Atticus persuade Théodose de secourir les chrétiens;408; Antiquité classique; Ve siècle;" ""à la persuasion de l'Evesque **Atticus**, **Theodose** fit la guerre à **Cosroës** Roy de Perse, pour delivrer les Chrestiens [23]"""
De la puissance légitime (1581); Theodose et Valentinian déclarent le prince lié aux loix;429; Antiquité classique; Ve siècle;" ""Les Empereurs **Theodose** & **Valentinian**... C'est une chose bien seante à la Majesté d'un qui domine sur les autres, de declairer qu'il est Prince lié aux loix [1]"""
De la puissance légitime (1581); Chabades abolit le châtiment des adultères;510; Antiquité classique; VIe siècle;" ""**Chabades** Roy des Perses abolit le chastiment des adulteres. Il faudra attendre tous les jours de telles loix [4]"""
De la puissance légitime (1581); Lycurgus voit les salines tarir;je ne sais pas; Antiquité classique; Antiquité;" ""Un Roy nommé **Lycurgus** en la petite Asie, ayant commencé a mettre imposts sur les salines... elles tarirent [60]"""
De la puissance légitime (1581); Polycrates ne laisse point les Samiens en repos;je ne sais pas; Antiquité classique; VIe siècle av. J.-C.;" ""fortifie des places à la façon de Pharao & de **Polycrates**, qui ne vouloyent laisser en repos les Juifs & **Samiens** [16]"""
De la puissance légitime (1581); Porsena ramène Tarquinius à Rome;je ne sais pas; Antiquité classique; VIe siècle av. J.-C.;" ""Si **Porsena** remeine à Rome **Tarquinius Superbus**, Constantin appellé par le peuple [26]"""
De la puissance légitime (1581); Maximilian d'Austriche possède un revenu particulier;1493; Contemporain à l'auteur; XVIe siècle;" ""autre est le revenu de **Maximilian d'Austriche**, & autre le revenu de l'Empereur Maximilian [58]"""
De la puissance légitime (1581); Machiavel donne des conseils pernicieux;1513; Contemporain à l'auteur; XVIe siècle;" ""contraires aux mauvaises pratiques, conseils pernicieux, fausses & pestiferes maximes de Nicolas **Machiavel** Florentin [4]"""
De la puissance légitime (1581); Selim possède des jardins patrimoniaux;1515; Contemporain à l'auteur; XVIe siècle;" ""entre les Turcs, les jardins & fonds de terre patrimoniaux de **Selim** sont autres [59]"""
De la puissance légitime (1581); Christienne perd la couronne de Dannemarch;1523; Contemporain à l'auteur; XVIe siècle;" ""Il n'y a pas long temps que **Christienne** a perdu la couronne de Dannemarch [68]"""
De la puissance légitime (1581); François Ier et Charles Cinquième font l'accord de Madric;1526; Contemporain à l'auteur; 1526;" ""l'accord fait à Madric entre **François premier** lors prisonnier, & **Charles cinquiesme** [65]"""
De la puissance légitime (1581); Henri huitiesme secours les Allemands;1546; Contemporain à l'auteur; XVIe siècle;" ""comme aussi **Henri huitiesme**, Roy d'Angleterre se monstra prest de secourir les **Alemans** [20]"""
De la puissance légitime (1581); Henri II accuse un étranger;1547; Contemporain à l'auteur; XVIe siècle;" ""avenu du temps de **Henri second** en la personne d'un quidam estranger, accusé d'un grand forfait [54]"""
De la puissance légitime (1581); Marie Stuard perd la couronne d'Escosse;1567; Contemporain à l'auteur; XVIe siècle;" ""**Marie Stuard** celle d'Escosse... les histoires dignes de foy tesmoignent [68]"""
De la puissance légitime (1581); Henri d'Anjou jure de maintenir les religions;1573; Contemporain à l'auteur; 1573;" ""ceremonies observees... en l'election & couronnement de **Henri Duc d'Anjou** [66]"""
De la puissance légitime (1581); Popiel s'efforce de rendre le royaume héréditaire;843; Haut Moyen Âge; IXe siècle;" ""que **Popiel** s'efforce par trahisons & meurtres execrables rendre hereditaire un Royaume de Pologne electif [511/539]"""
De la puissance légitime (1581); Childebert fonde l'Abbaye de S. Vincent;558; Haut Moyen Âge; VIe siècle;" ""tesmoin le Roy **Childebert**, qui n'osa fonder l'**Abbaye de S. Vincent** à Paris, sans le consentement des François [13]"""
De la puissance légitime (1581); Protade est le compagnon de Brunechilde;605; Haut Moyen Âge; VIIe siècle;" ""quelque Brunechilde tire à soy & à son **Protade** tout le gouvernement de France [539/514]"""
De la puissance légitime (1581); Clovis second observe le consentement des États;626; Haut Moyen Âge; VIIe siècle;" ""**Clovis second** & autres Rois ont observé le mesme. Ils ne peuvent pas mesme quitter le droit de regales [13]"""
De la puissance légitime (1581); Childeric et Sigebert sont chassés du trône;682; Haut Moyen Âge; Ve-VIe siècle;" ""François... chasserent du throne Royal **Childeric premier**, **Sigebert**, Theodoric [67]"""
De la puissance légitime (1581); Loys le Debonnaire ordonne la réparation des ponts;819; Haut Moyen Âge; IXe siècle;" ""l'ordonnance de **Loys le Debonnaire**, touchant les douze ponts sur la riviere de Seine, & commandant que les bacs à passer l'eau fussent tousjours prests [11]"""
De la puissance légitime (1581); Judith est une femme méchante;830; Haut Moyen Âge; IXe siècle;" ""contre le Chauve & contre sa mere nommee **Judith**, l'une des plus meschantes femmes [71]"""
De la puissance légitime (1581); Charles le Chauve fait mourir Lambert et Iamaetius;869; Haut Moyen Âge; IXe siècle;" ""**Charles le Chauve**... fait tyranniquement mourir le gouverneur... avec le Duc **Lambert**, & un Seigneur nommé **Iamætius** [71]"""
De la puissance légitime (1581); Malcolme épuise le domaine en Escosse;1050; Moyen Âge tardif; XIe siècle;" ""que **Malcolme** Roy d'**Escosse** espuise le domaine & les finances: que s'ensuivra-il de tout cela? [10]"""
De la puissance légitime (1581); Thomas d'Aquin traite de la domination tyrannique;1265; Moyen Âge tardif; XIIIe siècle;" ""par quoy, dit **Thomas d'Aquin**, d'autant que la domination tyrannique ne se rãge point à procurer le bien public... elle n'est plus juste [17]"""
De la puissance légitime (1581); Boniface VIII et Philippe le Bel disputent des régales;1302; Moyen Âge tardif; XIVe siècle;" ""le Pape **Boniface** huitiesme se vouloit aproprier les Regales... **Philippe le Bel**, lors Roy, le tança [39]"""
De la puissance légitime (1581); Philippe le Long obtient l'impôt du sel;1318; Moyen Âge tardif; 1318;" ""le Roy **Philippe le Long** obtint en France l'impost du sel pour cinq ans seulement [12]"""
De la puissance légitime (1581); Jeanne de Bourgongne dispute les acquêts;1330; Moyen Âge tardif; XIVe siècle;" ""jugé en France entre Philippe de Valois & **Jeanne de Bourgongne** sa femme [62]"""
De la puissance légitime (1581); Bartole affirme que les sujets sont frères;1350; Moyen Âge tardif; XIVe siècle;" ""**Bartole**, jurisconsulte renommé... a tiré une conclusion... que les sujets ne sont point esclaves des Rois, ains freres [55]"""
De la puissance légitime (1581); Charles IV engage les droits de l'Empire;1360; Moyen Âge tardif; XIVe siècle;" ""lors que **Charles quatriesme** promit à chascun des Electeurs cent mille escus... il leur bailla pour gages les gabelles [63]"""
De la puissance légitime (1581); Benoist XIII est délaissé par Charles VI;1408; Moyen Âge tardif; XVe siècle;" ""le Pape **Benoist** treziesme grevast l'Eglise Gallicane... le Clergé convoqué par le Roy **Charles sixiesme**, arresta Que le Roy... ne devoyent point obeir [40]"""
De la puissance légitime (1581); Henri d'Angleterre reçoit la donation de Charles;1420; Moyen Âge tardif; XVe siècle;" ""la donation faite du Royaume de France, par **Charles** sixiesme à **Henri d'Angleterre**, en cas de mort [14]"""
De la puissance légitime (1581); Tancred du Chastel perd des places;1420; Moyen Âge tardif; XVe siècle;" ""osta-on aux heritiers de **Tancred du Chastel**, son grand mignon plusieurs places [64]"""
De la puissance légitime (1581); Charles de Bourgongne obtient des villes par le traité de Conflans;1465; Moyen Âge tardif; 1465;" ""le Parlement de Paris cassa le traité de **Conflans**, par lequel le Duc **Charles de Bourgongne** avoit tiré des mains du Roy Amiens & autres villes [14]"""
De la puissance légitime (1581); Ajax et Athamas tuent leurs proches;je ne sais pas; Mythologie; Antiquité;" ""l'envie, la haine, la fureur avoir tellement transporté **Athamas** & **Ajax**, que l'un tua ses enfans, l'autre... compagnons [53]"""
De la puissance légitime (1581); Procrustes et Busyris sont domptés par Hercules;je ne sais pas; Mythologie; Antiquité;" ""**Hercules**... chastia & dompta **Procrustes**, **Busyris** & autres tyrans [70]"""
Discours politiques (1578); Moysé expose la création de l'aide;-4004; Antiquité biblique; Antiquité;" ""Ce qui sert de claire exposition aux parolles de **Moysé**, quand il dit que Dieu crea une aide à l'homme [6]"""
Discours politiques (1578); Serpent montre son inégalité en finesse;-4004; Antiquité biblique; Antiquité;" ""On void en l'escriture que le **serpent** estoit le plus cauteleux entre les animaux [3]"""
Discours politiques (1578); Adam est constitué seigneur des créatures;-4000; Antiquité biblique; Antiquité;" ""je respond qu'**Adam** a esté constitué seigneur de toutes creatures vivantes sur la terre [4]"""
Discours politiques (1578); Cain édifie une cité et règne;-3875; Antiquité biblique; Antiquité;" ""je dy donc que **Cain** exerça la puissance civile, car il edifia une cité [14]"""
Discours politiques (1578); Seth possède une race redoutée;-3874; Antiquité biblique; Antiquité;" ""s'asseurer des siens contre ceux de la race de **Seth** qu'il redoutoit [17]"""
Discours politiques (1578); Jabel et Jubal inventent des arts;-3500; Antiquité biblique; Antiquité;" ""**Jabel** fils de Lamech fut pere... des habitans des tentes: **Jubal** son frere fut auteur de musique [18]"""
Discours politiques (1578); Thubalcain inventa l'art de forger;-3500; Antiquité biblique; Antiquité;" ""**Thubalcain** son autre frere inventa l'art de forger [18]"""
Discours politiques (1578); Enoc utilise la puissance ecclésiastique;-3382; Antiquité biblique; Antiquité;" ""la puissance ecclesiastique, de laquelle **Enoc** & autres ont usé [13]"""
Discours politiques (1578); Gaidad et Manichel règnent après Enoc;-3300; Antiquité biblique; Antiquité;" ""Enoc qui regna apres, & depuis **Gaidad** fils d'Enoc, puis **Manichel** fils de Gaidad [15]"""
Discours politiques (1578); Mathusael et Lamech succèdent au royaume;-3300; Antiquité biblique; Antiquité;" ""l'autre **Mathusael** lequel regna apres son pere... un autre nommé **Lamech**, lequel Lamech regna [16]"""
Discours politiques (1578); Sem et Japhet usent de l'autorité économique;-2348; Antiquité biblique; Antiquité;" ""que **Sem**, Cham & **Japhet** n'ont usé d'autre autorité que de l'economique [13]"""
Discours politiques (1578); Noé maudit Cham et Chanaam;-2347; Antiquité biblique; Antiquité;" ""demonstrée que quand **Noé** maudit **Cham**... par la servitude imposee à **Chanaam** [12]"""
Discours politiques (1578); Nembroth est le premier auteur des royaumes;-2247; Antiquité biblique; Antiquité;" ""long temps apres les royaumes ont esté establis, dont **Nembroth** fut le premier auteur [12]"""
Discours politiques (1578); Pharaon et Abimelech reçoivent des menaces;-1909; Antiquité biblique; Antiquité;" ""donné à entendre à **Pharaon** & **Abimelech** qu'ils pecheroyent s'ils prenoyent la femme d'Abraham [20]"""
Discours politiques (1578); Juda condamne Thamat au feu;-1729; Antiquité biblique; Antiquité;" ""l'on void qu'il n'y a rien escrit... toutefois **Juda** condamne soudain **Thamat** sa belle fille au feu [19]"""
Discours politiques (1578); Dathan et Choré font une sédition;-1490; Antiquité biblique; Antiquité;" ""portion d'heritage de leur pere mort en la sedition de **Dathan** & de **Choré** [58]"""
Discours politiques (1578); Jethro conseille l'élection des anciens;-1490; Antiquité biblique; Antiquité;" ""comme **lethro** conseilla à Moyse d'eslire des anciens [31]"""
Discours politiques (1578); Salphaad laisse sa portion aux filles;-1452; Antiquité biblique; Antiquité;" ""alleguer les filles de **Salphaad** qui vindrent à succeder à la portion d'heritage [58]"""
Discours politiques (1578); Ehud et Eglon servent de comparaison;-1336; Antiquité biblique; Antiquité;" ""Mais s'il se trouvoit un **Ehud** & un **Eglon**, un Jehu & un Joram [82]"""
Discours politiques (1578); Debora et Barac président en Israël;-1209; Antiquité biblique; Antiquité;" ""On alleguera **Debora** en Israel... elle requit **Barac** de luy estre comme assesseur [56]"""
Discours politiques (1578); Samuel déclare Saul et David;-1063; Antiquité biblique; Antiquité;" ""il a donné **Saul** & **David** à son peuple comme le declaira **Samuel** [22]"""
Discours politiques (1578); Chusay prononce une sentence sur l'élection;-1023; Antiquité biblique; Antiquité;" ""La sentence de **Chusai** aura lieu... je demeureray avec celuy que l'Eternel & le peuple auront esleu [23]"""
Discours politiques (1578); Isboseth meurt par l'iniquité des siens;-1005; Antiquité biblique; Antiquité;" ""comme **David** punit pour cela l'iniquité de ceux qui tuerent **Isboseth** [83]"""
Discours politiques (1578); David épargne Joab et Semei;-970; Antiquité biblique; Antiquité;" ""suivant en cela l'exemple de **David** qui n'exerça sur **Joab** & sur **Semei** la punition [66]"""
Discours politiques (1578); Saba et Salomon traitent du jugement;-950; Antiquité biblique; Antiquité;" ""comme disoit la Royne de **Saba** au mesme Roy (**Salomon**) en faisant jugement & justice [36]"""
Discours politiques (1578); Athalia et Amasias subissent la répréhension;-801; Antiquité biblique; Antiquité;" ""roys pouvoyent estre reprimez par le peuple... comme fut **Athalia** usurpatrice & **Amasias** [24]"""
Discours politiques (1578); Sennacherib ne possède pas l'autorisation;-701; Antiquité biblique; Antiquité;" ""autorise pas tous ceux qui ont le pouvoir... tesmoin **Sennacherib** [23]"""
Discours politiques (1578); Moloch reçoit la génération des enfants d'Israël;-700; Antiquité biblique; Antiquité;" ""celuy qui aura souillé le sanctuaire du Seigneur, en donnant sa generation à **Moloch** mourroit, & que le peuple le lapidast [1]"""
Discours politiques (1578); Jeremie impute le crime au peuple pour la servitude;-605; Antiquité biblique; Antiquité;" ""Le crime de Plagiun est imputé au peuple qui ne resista au Roy quand il retint en servitude ceux de la mesme patrie, comme dit **Jeremie** 34 [2, 3]"""
Discours politiques (1578); Archanges apparaissent dans les écrits;-600; Antiquité biblique; Antiquité;" ""selon ce que **Daniel** S.Paul & S. Jude font mention des **Archanges** [2]"""
Discours politiques (1578); Daniel et Paul font mention des Archanges;-600; Antiquité biblique; Ier siècle;" ""selon ce que **Daniel** **S.Paul** & S. Jude font mention des **Archanges** [2]"""
Discours politiques (1578); Isaie cite Cyrus comme oinct;-539; Antiquité biblique; Antiquité;" ""a suscité (dit le Prophete **Isaie**) **Cyrus** comme son oinct [22]"""
Discours politiques (1578); Saul et Neron sont condamnés;je ne sais pas; Antiquité biblique; Antiquité;" ""Ainsi firent **Saul** en Judee & **Neron** à Rone: condamnez, l'un par Samuel, & l'autre par le senat [54]"""
Discours politiques (1578); Joseph et Marie reçoivent l'obéissance de Christ;30; Antiquité biblique; Ier siècle;" ""l'obeissance rendue par **Christ** à **Joseph** & à **Marie** ausquels il estoit sujet [10]"""
Discours politiques (1578); Mathias est élu par le sort;30; Antiquité biblique; Ier siècle;" ""election de Moyse:ou bien par le sort comme l'election de **Mathias** [21]"""
Discours politiques (1578); Paul enseigne que l'homme est chef de la femme;55; Antiquité biblique; Ier siècle;" ""ce suivant le dire de **S. Paul** que l'homme est chef de la femme [5]"""
Discours politiques (1578); Pierre cite les héritiers de la grâce;64; Antiquité biblique; Ier siècle;" ""Et pourtant **S. Pierre** dit à ce propos, vous estes ensemble heritiers de la grace de vie [7]"""
Discours politiques (1578); Matthieu recite les paroles de Christ;75; Antiquité biblique; Ier siècle;" ""Mais selon ce que recite **S. Matthieu** des paroles de **Christ**, il sembleroit que ce fust Dieu mesme [8]"""
Discours politiques (1578); Florentin déduit le nom des serfs;225; Antiquité classique; IIIe siècle;" ""**Florentin** jurisconsulte dit sus les Institutes que les serfs ont esté ainsi appellez de ce que les Empereurs en guerre commandoyent de vendre les captifs [14]"""
Discours politiques (1578); Lycurgus et Solon sont législateurs;-697; Antiquité classique; Antiquité;" ""qu'en celuy de **Lycurgus**, de **Solon**, de Romulus ou d'autres [25]"""
Discours politiques (1578); Orthagoras gouverne royalement les Sicyoniens;-650; Antiquité classique; VIIe siècle av. J.-C.;" ""la tyrannie d'**Orthagoras** sur les **Sicyoniens** dura cent ans [52]"""
Discours politiques (1578); Ancus fonde la ville d'Ostie;-628; Antiquité classique; VIIe siècle av. J.-C.;" ""jusques à **Ostie** que le Roy **Ancus** fonda [78]"""
Discours politiques (1578); Tarquin Prisque ajoute des sénateurs;-598; Antiquité classique; VIe siècle av. J.-C.;" ""**Tarquin Prisque** cinquiesme Roy en adjousta cent autres [33]"""
Discours politiques (1578); Belochus et Arbaces entreprennent contre Sardanapale;-612; Antiquité classique; Antiquité;" ""comme à **Belochus** & **Arbaces** lieutenans de **Sardanapale** [76]"""
Discours politiques (1578); Cipselus et Pisistratus tiennent le peuple occupé;-600; Antiquité classique; VIe siècle av. J.-C.;" ""Ainsi firent **Cipselus** en Corinthe, & **Pisistratus** en Athenes [49]"""
Discours politiques (1578); Periander donne la règle de tuer les excellents;-600; Antiquité classique; VIe siècle av. J.-C.;" ""**Periander** bailla ceste reigle de tuer les plus excellens [48]"""
Discours politiques (1578); Psamicus possède un effet réduit;-600; Antiquité classique; VIe siècle av. J.-C.;" ""Mais elle ne dura que trois ans sous **Psamicus** son frere [52]"""
Discours politiques (1578); Pythagoras donne des sentences au roi;-540; Antiquité classique; VIe siècle av. J.-C.;" ""Les graves enseignemens de **Pythagoras**... Ne passe point le poids, dit il au Roy [55]"""
Discours politiques (1578); Cambyses fait écorcher un juge;-525; Antiquité classique; VIe siècle av. J.-C.;" ""comme **Cambyses**, qui fit escorcher un juge pour y avoir fait faute [74]"""
Discours politiques (1578); Darius est élu roi de Perse;-522; Antiquité classique; VIe siècle av. J.-C.;" ""ou ainsi que **Darius** fut esleu Roy de **Perse** [21]"""
Discours politiques (1578); Pausanias règle la puissance des Éphores;-509; Antiquité classique; IVe siècle av. J.-C.;" ""au contraire **Pausanias** voyant un vice... taschoit d'y pourvoir en reiglant la puissance des **Ephores** [32]"""
Discours politiques (1578); Semiramis obtient la domination en Babylone;-490; Antiquité classique; Antiquité;" ""comme au paravant l'avoit euë **Semiramis** en **Babylone** [57]"""
Discours politiques (1578); Hieron et Thrasybule règnent peu en Sicile;-466; Antiquité classique; Ve siècle av. J.-C.;" ""**Hieron**, Gelon, & **Thrasybule** regnerent peu en **Sicile** [53]"""
Discours politiques (1578); Comices Centuriata jugent de la vie d'un citoyen;-450; Antiquité classique; Antiquité;" ""on ne fit jugement de la vie ou de la mort d'un citoyen Romain, si ce n'estoit que ce peuple fust assemblé aux **Comices** apellez **Centuriata** [8]"""
Discours politiques (1578); Sybariens et Thuriens combattent pour l'usurpation;-444; Antiquité classique; Antiquité;" ""puis les **Sybariens** voulurent de mesmes usurper sus les **Thuriens** [77]"""
Discours politiques (1578); Herodote traite des rois chez les Mèdes;-430; Antiquité classique; Ve siècle av. J.-C.;" ""refuté l'opinion d'**Herodote** qui dit que les premiers Roys furent creez entre les **Medes** [30]"""
Discours politiques (1578); Lysander craint la tyrannie;-404; Antiquité classique; IVe siècle av. J.-C.;" ""parce que **Lysander** craignant la tyrannie monarchique essayoit... à diminuer l'autorité [32]"""
Discours politiques (1578); Medile vainc les nobles de Tarente;-400; Antiquité classique; Ve siècle av. J.-C.;" ""Comme à **Tarente**, apres qu'ils eurent esté vaincus en bataille par ceux de **Medile** & leurs associez, là où presques tous les nobles moururent [12]"""
Discours politiques (1578); Socrates subit l'empoisonnement;-399; Antiquité classique; IVe siècle av. J.-C.;" ""**Socrates** empoisonné, Lycurge outragé & Solon relegué en Cypre [34]"""
Discours politiques (1578); Xenophon prescrit la douleur du prince;-380; Antiquité classique; IVe siècle av. J.-C.;" ""qu'on le voye se condouloir du mal de ses membres, dit **Xenophon** [40]"""
Discours politiques (1578); Alexandre Phereen visite les coffres de sa femme;-358; Antiquité classique; IVe siècle av. J.-C.;" ""comme **Alexandre Phereen** qui estoit en telle deffiance qu'il faisoit visiter les coffres [50]"""
Discours politiques (1578); Platon écrit à Laodamas sur la cité;-350; Antiquité classique; IVe siècle av. J.-C.;" ""ce que dit **Platon** en l'epistre 11. à **Laodamas** [61]"""
Discours politiques (1578); Olinthiens conservent leur religion sous Philippe;-349; Antiquité classique; IVe siècle av. J.-C.;" ""bienveillance qu'avoyent les **Olinthiens** envers **Philippe** de Macedone [64]"""
Discours politiques (1578); Attalus commet une vilenie envers Pausanias;-337; Antiquité classique; IVe siècle av. J.-C.;" ""comme fit **Pausanias**, qui tua Philippe de Macedone, pour ce qu'il ne luy fit justice de la vilenie que luy avoit faite **Attalus** [10]"""
Discours politiques (1578); Demetrius et Pyrrhus agissent envers les Macédoniens;-288; Antiquité classique; IIIe siècle av. J.-C.;" ""Les **Macedoniens** quitterent leur Roy **Demetrius**... & se rangerent à **Pyrrhus** [51]"""
Discours politiques (1578); Servilius Hala et Casca oublient leur sang;-242; Antiquité classique; Ier siècle av. J.-C.;" ""**Servilius Hala** & **Casca** estoyent parens de Cesar, toutesfois ils ont oublié leur sang [63]"""
Discours politiques (1578); Agis meurt par son peuple à Lacedemone;-241; Antiquité classique; IIIe siècle av. J.-C.;" ""Pour telles causes les Lacedemoniens chasserent Lysander leur gouverneur, & tuerent **Agis** leur Roy [4]"""
Discours politiques (1578); Chrisippe nomme la loi royne de toutes choses;-240; Antiquité classique; IIIe siècle av. J.-C.;" ""majesté de ceste saincte invention que **Chrisippe** dit estre royne de toutes choses tant divines que humaines, qui preside aux choses justes & injustes [7]"""
Discours politiques (1578); Carneades adresse un propos aux Romains;-155; Antiquité classique; IIe siècle av. J.-C.;" ""**Lactance** refere le propos que **Carneades** adressoit aux **Romains** [73]"""
Discours politiques (1578); Caton et Scipion sont cités pour leur vertu;-149; Antiquité classique; IIe siècle av. J.-C.;" ""la gloire ne consiste pas à estre du lignage de **Caton** ou de **Scipion** ou de Cæsar [71]"""
Discours politiques (1578); Metellus et Hannibal subissent le bannissement;-148; Antiquité classique; IIe siècle av. J.-C.;" ""comme il en est avenu à **Metellus** qui fut banni, **Hannibal** & Camille chassez [34]"""
Discours politiques (1578); Actius recite les propos d'Atreus;-120; Antiquité classique; IIe siècle av. J.-C.;" ""Sur quoy le poëte **Actius** recitant les propos d'**Atreus** impugnoit une fausse raison [72]"""
Discours politiques (1578); Ennius et Ciceron traitent de la société sainte;-107; Antiquité classique; Ier siècle av. J.-C.;" ""comme dit **Ciceron** suivant le poëte **Ennius**, nulle saincte societé... ne demeure en celuy [45]"""
Discours politiques (1578); Catule et Lepide participent aux guerres civiles;-77; Antiquité classique; Ier siècle av. J.-C.;" ""Les guerres de Marius & Sylla continuerent par la suitte de celles de Sertorius, de Catilina, de **Lepide**, de **Catule**, de Pompee, de Cæsar [13]"""
Discours politiques (1578); Sertorius et Catilina forment une suite de guerres;-72; Antiquité classique; Ier siècle av. J.-C.;" ""continuerent par la suitte de celles de **Sertorius**, de **Catilina**, de Lepide [77]"""
Discours politiques (1578); Lentulus subit la dégradation avant l'exécution;-63; Antiquité classique; Ier siècle av. J.-C.;" ""car **Lentulus** ne fut executé à mort sinon apres avoir esté degradé [81]"""
Discours politiques (1578); Jules Cesar rend la cité apte au joug;-52; Antiquité classique; Ier siècle av. J.-C.;" ""Le progres de **Jules Cesar** est loué... il rendit la cité libre apte au joug [41]"""
Discours politiques (1578); Calphurnya aime à babiller;-44; Antiquité classique; Ier siècle av. J.-C.;" ""la femme ayme à causer & babiller... ce qui est recité... faisant mention de **Calphurnya** [59]"""
Discours politiques (1578); Cassius et Brutus mènent une entreprise;-44; Antiquité classique; Ier siècle av. J.-C.;" ""Tous ceux là sont louez d'avoir esté associez à l'entreprise de **Cassius** & **Brutus** [63]"""
Discours politiques (1578); Trebatius et Cimber préfèrent la liberté à Cesar;-44; Antiquité classique; Ier siècle av. J.-C.;" ""**Trebatius** estoit grand & familier amy de **Cesar**... **Cimber** aussi amy de Cesar [62]"""
Discours politiques (1578); Saluste déplore la perte de la modestie;-42; Antiquité classique; Ier siècle av. J.-C.;" ""C'est pourquoy **Saluste** se plaint qu'avant que Carthage fust destruite [67]"""
Discours politiques (1578); Auguste transporte la puissance par une loi;-27; Antiquité classique; Ier siècle;" ""**Auguste**... par une loy appellee royale, transporta en luy tout son empire & puissance [42]"""
Discours politiques (1578); Dionysius Halicarnasseus décrit le sénat;-7; Antiquité classique; Ier siècle av. J.-C.;" ""comme le monstre **Dionysius Halicarnasseus**... Romulus fonda la cité il esleut cent senateurs [33]"""
Discours politiques (1578); Quinte Curse recite l'agrément des peuples;50; Antiquité classique; Antiquité;" ""comme Xenophon & **Quinte Curse** le recitent, que Cyrus & Alexandre ont agree [65]"""
Discours politiques (1578); Seneque écrit sur l'esprit vital à Neron;54; Antiquité classique; Ier siècle;" ""car c'est l'esprit vital & ame de l'Empire disoit **Seneque** à **Neron** [39]"""
Discours politiques (1578); Lucain parle de la servitude accoutumée;62; Antiquité classique; Ier siècle;" ""ainsi que dit **Lucain**... que les Romains disoyent que la servitude ne leur eust esté si dure [47]"""
Discours politiques (1578); Pline attribue la servitude aux Lacedemoniens;77; Antiquité classique; Ier siècle;" ""**Pline** dit que les Lacedemoniens furent les premiers qui introduirent la servitude: mais elle estoit long temps avant [14]"""
Discours politiques (1578); Tacitus décrit les dons aux gens de guerre;110; Antiquité classique; IIe siècle;" ""il gaigna (ce dit **Tacitus** au 1.de ses annales) le cœur du peuple... attira les gens de guerre [42]"""
Discours politiques (1578); Caius définit le droit des gens;160; Antiquité classique; IIe siècle;" ""est derivé le droit des gens, qui est selon **Caius** jurisconsulte ce qu'une raison naturelle a constitué entre tous les hommes [6]"""
Discours politiques (1578); Marc Aurelle décrit le naturel des femmes;170; Antiquité classique; IIe siècle;" ""**Marc Aurelle** dit que, c'est le naturel des femmes de desirer infiniement sçavoir [60]"""
Discours politiques (1578); Alexandre Severe possède un empire sans sang;229; Antiquité classique; IIIe siècle;" ""L'Empereur **Alexandre Severe** est loué de cela & son empire nommé... empire sans sang [38]"""
Discours politiques (1578); Licinius établit la raison de justice;313; Antiquité classique; IVe siècle;" ""C'est pourquoy Constantin & **Licinius** son collegue disent qu'il faut qu'en toutes choses la raison de justice & equité aille devant le droit pressé [9]"""
Discours politiques (1578); Arius rend Christ inférieur au Père;325; Antiquité classique; IVe siècle;" ""consentiront à l'opinion d'**Arius**, lequel... vouloit faire **Jesus Christ** inferieur à Dieu son Pere [9]"""
Discours politiques (1578); Denis impose des péages à Siracuse;-343; Antiquité classique; IVe siècle av. J.-C.;" ""comme fit **Denis** à **Siracuse**, qui en cinq ans par tels moyens tira autant [49]"""
Discours politiques (1578); Dion entreprend contre Denis;0; Antiquité classique; IVe siècle av. J.-C.;" ""et **Dion** entreprit contre **Denis** tyran de Sicile [76]"""
Discours politiques (1578); Ambroise compare le roi aux abeilles;380; Antiquité classique; IVe siècle;" ""Il faut ( comme dit **S. Ambroise**) qu'il soit doux... par similitude des abeilles [37]"""
Discours politiques (1578); Antropomorphites font Dieu corporel;400; Antiquité classique; IVe siècle;" ""elle opinion convient à celle des **Antropomorphites**, qui faisoyent Dieu corporel [11]"""
Discours politiques (1578); Orose nomme la terre nourrice des tyrans;417; Antiquité classique; Ve siècle;" ""ce qui a meu **Orose** d'appeler ceste terre la nourrice des tyrans [53]"""
Discours politiques (1578); Augustin définit la disposition des choses;420; Antiquité classique; Ve siècle;" ""comme dit **S.Augustin** au 19. livre de la cité de Dieu cest une disposition des choses pareilles & non pareilles [1]"""
Discours politiques (1578); Cassiodore définit le royaume par la tranquillité;540; Antiquité classique; VIe siècle;" ""car comme dit **Cassiodore**, le royaume est mal nommé qui ne subsiste par tranquillité [29]"""
Discours politiques (1578); Artaxerxes donne son royaume à Darius;je ne sais pas; Antiquité classique; Ve siècle av. J.-C.;" ""il est dit que **Artaxerxes** donnant son royaume à **Darius** son fils ne pensa mourir [28]"""
Discours politiques (1578); Atheus subit la pendaison par les Lydiens;je ne sais pas; Antiquité classique; Antiquité;" ""en firent à leur Roy **Atheus**... ils le prindrent & le pendirent [79]"""
Discours politiques (1578); Calcedone porte un enfant en bataille;je ne sais pas; Antiquité classique; Antiquité;" ""**Justin** dit que ceux de **Calcedone**, leur Roy mort... porterent un petit enfant [40]"""
Discours politiques (1578); Calcide fournit des bannis reçus par les Antiopoliens;je ne sais pas; Antiquité classique; Antiquité;" ""Ceux d'Antiopolis receurent les bannis de **Calcide**, & les firent citoyens, mais ils leur donnerent semblable payement [11]"""
Discours politiques (1578); Justin dit que Calcedone porte un enfant en bataille;je ne sais pas; Antiquité classique; Antiquité;" ""**Justin** dit que ceux de **Calcedone**, leur Roy mort... porterent un petit enfant [40]"""
Discours politiques (1578); Phauarin et Sixte Cilicien disputent de la loi du Talion;je ne sais pas; Antiquité classique; IIe siècle;" ""De cecy disputent les philosophes **Phauarin** & **Sixte Cilicien** es nuits d'Aulugelle. Les canonistes ont aussi bien sainement jugé de ce fait [5]"""
Discours politiques (1578); Sibare et Troyens s'opposent par sédition;je ne sais pas; Antiquité classique; Antiquité;" ""ceux d'une cité d'Achaye nommee **Sibare**, dont les Achayens chasserent les **Troyens** [77]"""
Discours politiques (1578); Hector Boëtius écrit sur les rois écossais;1526; Contemporain à l'auteur; 1526;" ""**Hector Boëtius** chroniqueur des **Escossois** dit que quand iceux esleurent leur premier Roy [84]"""
Discours politiques (1578); Alençon et Navarre sont menacés d'emprisonnement;1574; Contemporain à l'auteur; 1574;" ""emprisonner le duc d'**Alençon** & le Roy de **Navarre** [87]"""
Discours politiques (1578); Baronniere et Luché prennent le chasteau de Lusignen;1574; Contemporain à l'auteur; 1574;" ""prins par les sieurs de **la Baronniere** & de **Luché** gentilhommes [96]"""
Discours politiques (1578); Benoist Rigaud imprime le discours catholique;1574; Contemporain à l'auteur; 1574;" ""imprimé à Lyon par **Benoist Rigaud** avec permission [105]"""
Discours politiques (1578); Birague conclut l'emprisonnement;1574; Contemporain à l'auteur; 1574;" ""envoya querir la royne & le Chancelier **Birague**: lors ils conclurent d'emprisonner [86]"""
Discours politiques (1578); Case meurt d'un coup d'arquebouze;1574; Contemporain à l'auteur; 1574;" ""Le sieur de **la Case**... il fut tué sur la place d'un coup d'arquebouze tiré par un des soldats de ce capitaine [24, 25]"""
Discours politiques (1578); Cossé subit l'emprisonnement dans la Bastille;1574; Contemporain à l'auteur; 1574;" ""le mareschal de **Cossé** en une chambre aupres... furent enserrez dans la Bastille [18, 19]"""
Discours politiques (1578); Jean de la Haye procure le bien public;1574; Contemporain à l'auteur; 1574;" ""M. **Jean de la Haye** lieutenant general en Poictou se mit lors aussi en avant [92]"""
Discours politiques (1578); La Case meurt d'un coup d'arquebouze;1574; Contemporain à l'auteur; 1574;" ""Le sieur de **la Case**... il fut tué sur la place d'un coup d'arquebouze [95]"""
Discours politiques (1578); La Mole et Coconnas apparaissent dans les interrogats;1574; Contemporain à l'auteur; 1574;" ""Par les interrogats de **la Mole**, **Coconnas** & autres [89]"""
Discours politiques (1578); La Nouë et Anuille entrent en ligue;1574; Contemporain à l'auteur; 1574;" ""où estoit le sieur de **la Nouë**... le mareschal d'**Anuille** bransloit [90]"""
Discours politiques (1578); La Plante et La Porte subissent l'exécution pour trahison;1574; Contemporain à l'auteur; 1574;" ""auo yent esté executez à mort les Capitaine **la Plante**, **la Porte** & autres traistres [103]"""
Discours politiques (1578); Lansac accompagne le mareschal à la volerie;1574; Contemporain à l'auteur; 1574;" ""le jeudy il retourna à la volerie, acompagné des sieurs de Torcy & **Lansac** le vieil que la roine y envoya [20]"""
Discours politiques (1578); Lorraine et Cardinal visitent Dammartin;1574; Contemporain à l'auteur; 1574;" ""le duc de **Lorraine** & sa femme acompagnez du **Cardinal de Lorraine**... vindrent à **Dammartin** [85]"""
Discours politiques (1578); Lude et Biron se rendent près de la ville;1574; Contemporain à l'auteur; 1574;" ""donner entree en la ville aux sieurs du **Lude** gouverneur... & de **Biron** aussi [103, 104]"""
Discours politiques (1578); Mattignon possède une armée en France;1574; Contemporain à l'auteur; 1574;" ""Voudriez vous que nous luy baillissions l'armee de **Mattignon**? Elle est trop petite pour luy [21]"""
Discours politiques (1578); Maurenel et Sainct Martin cherchent à tuer la Nouë;1574; Contemporain à l'auteur; 1574;" ""deux assassins, assavoir **Maurenel** & **sainct Martin** le Huguenot... pour aller tuer le sieur de la Nouë [91]"""
Discours politiques (1578); Montgomeri et Monbrun se remuent pour les villes;1574; Contemporain à l'auteur; 1574;" ""où se devoit trouver le comte de **Montgomeri**... où estoit le sieur de **Monbrun** [90]"""
Discours politiques (1578); Montmorency subit l'emprisonnement;1574; Contemporain à l'auteur; 1574;" ""l'emprisonnement du mareschal de **Montmorency**, tenu pour fort suspect [85]"""
Discours politiques (1578); Montpensier osta la garde du chasteau;1574; Contemporain à l'auteur; 1574;" ""Le duc de **Montpensier**... osta la garde du chasteau au capitaine [94]"""
Discours politiques (1578); Rets favorise la promotion d'un conseiller;1574; Contemporain à l'auteur; 1574;" ""avancé par la faveur du mareschal de **Rets** [93]"""
Discours politiques (1578); Saincte Souline s'empare de la porte;1574; Contemporain à l'auteur; 1574;" ""Le sieur de **saincte Souline**... s'en alla à la porte de la trenchee [97]"""
Discours politiques (1578); Sansac ouvre la porte au serviteur du mareschal;1574; Contemporain à l'auteur; 1574;" ""Allez dire à monsieur de **Sansac** qu'il ouvre la porte à ce Capitaine qui s'en va trouver Madame de la part de Montmorency [22, 23]"""
Discours politiques (1578); Therignau conseille au mareschal de retourner en cour;1574; Contemporain à l'auteur; 1574;" ""un de ses serviteurs domestiques nommé **Therignau** le vint trouver & luy dit que tous ses amis desiroyent qu'il fust aupres du Roy [16, 17]"""
Discours politiques (1578); Torcy prie le mareschal de se hâter;1574; Contemporain à l'auteur; 1574;" ""arrive vers luy le sieur de **Torcy** envoyé de la part du Roy qui luy sit entendre que le Roy avoit un extreme desir de le voir, & le prioit de se haster [18]"""
Discours politiques (1578); Viconte d'Auchy devise avec le maréchal;1574; Contemporain à l'auteur; 1574;" ""trouva le **viconte d'Auchy** capitaine des gardes du Roy... commença à deviser avec luy [88]"""
Discours politiques (1578); Merovee conquiert les Gaules;448; Haut Moyen Âge; Ve siècle;" ""comme autresfois fit **Merovee** sur les Romains à cause qu'ils tyrannisoyent le peuple **Gaulois** [35]"""
Discours politiques (1578); Leon donne la puissance aux serfs;457; Haut Moyen Âge; Ve siècle;" ""et depuis **Leon** donna aux serfs puissance de tester & d'acquerir [69]"""
Discours politiques (1578); Gregoire définit le tyran par la violence;590; Haut Moyen Âge; VIe siècle;" ""**Sainct Gregoire** au 12. livre de ses morales... cela se faict par le tyran [44]"""
Discours politiques (1578); Bodille tue un roi de France;675; Haut Moyen Âge; 675;" ""Un nommé **Bodille** tua un Roy de France [76]"""
Discours politiques (1578); Jaques d'Artevelle est réputé chef de part;1345; Moyen Âge tardif; XIVe siècle;" ""comme tel fut autresfois reputé **Jaques d'Artevelle** en Flandres [68]"""
Discours politiques (1578); Salicet expose le titre joint à l'administration;1350; Moyen Âge tardif; XIVe siècle;" ""et comme l'expose **Salicet**, que c'est ayant decreté certaine chose [46]"""
Discours politiques (1578); Paris de Puteo et Balde écrivent sur les pandectes;1400; Moyen Âge tardif; XVe siècle;" ""comme **Paris de Puteo**, Oldradus, **Balde**, André d'Issernia discourent [81]"""
Discours politiques (1578); Paris de Puteo écrit sur les pandectes;1500; Moyen Âge tardif; XVe siècle;" ""comme **Paris de Puteo**, Oldradus, Balde, André d'Issernia discourent [80]"""
Discours politiques (1578); Barthelemy cotte des lois discordantes;je ne sais pas; Moyen Âge tardif; XVe siècle;" ""un docteur en droit canon nommé frere **Barthelemy** a cotté par ses escrits [75]"""
Discours politiques (1578); Cartophilace conserve les convenances des rois escossois;je ne sais pas; Moyen Âge tardif; XVIe siècle;" ""ce fut sous les convenances qui sont descrites & conservees en un lieu que ils appellent la **Cartophilace** des roys [15]"""
Discours politiques (1578); Etheocles déboute ses frères de Thebes;je ne sais pas; Mythologie; Antiquité;" ""**Euripide** parlant de **Etheocles** qui avoit debouté ses freres du royaume de **Thebes** [43]"""
Discours politiques (1578); Hercules garantit les peuples des monstres;je ne sais pas; Mythologie; Antiquité;" ""et de **Hercules** en son temps aussi qui guarentit les peuples des monstres [27]"""
Discours politiques (1578); Saturne enseigne la culture de la terre;je ne sais pas; Mythologie; Antiquité;" ""Ainsi parle-on de **Saturne** en son temps qui enseigna de cultiver la terre [26]"""
Discours politiques (1578); Theseus divise la noblesse;je ne sais pas; Mythologie; Antiquité;" ""Les autres disent que ce fut **Theseus** qui divisa la noblesse d'avec les laboureurs [70]"""
Discours politiques (1578); Tongris et Zeurbie sont citées pour leur règne;je ne sais pas; Mythologie; Antiquité;" ""autant en dira-on de **Tongris**, **Zeurbie** & autres [56]"""
Du droit des magistrats (1574); Nimrod étend ses limites par force;-2247; Antiquité biblique; Antiquité;" ""tesmoin ce que l'escriture nous recite de **Nimrod**... monarchies sont parvenues à telle grandeur [16]"""
Du droit des magistrats (1574); Pharaon ordonne de tuer les enfants;-1571; Antiquité biblique; Antiquité;" ""Le mandement de **Pharaon** ordonnant qu'on tuast les petits enfans masles des Hebreux, estoit tres inique [1]"""
Du droit des magistrats (1574); Sages femmes refusent d'obéir au roi;-1571; Antiquité biblique; Antiquité;" ""auquel aussi n'obeirent les **sages femmes** : & pourtant est il dit que Dieu leur bastit des maisons [1]"""
Du droit des magistrats (1574); Melchisedech et Heli sont sacrificateurs et souverains;-1512; Antiquité biblique; Antiquité;" ""premiers Patriarches estoient Sacrificateurs... ce qui est expressément escrit de **Melchisedech**: autant en est-il d'**Heli** [84, 85]"""
Du droit des magistrats (1574); Gabaonites sont asservis par Josué;-1451; Antiquité biblique; Antiquité;" ""Les **Gabaonites** aussi ne se plaignent de **Josué**, qui toutes-fois les avoit reduits en grande servitude [75]"""
Du droit des magistrats (1574); Josué introduit le peuple en terre promise;-1451; Antiquité biblique; Antiquité;" ""introduit son Peuple par **Josué** en la terre promise [47]"""
Du droit des magistrats (1574); Ruben, Gad et Manassé subissent la menace de guerre;-1451; Antiquité biblique; Antiquité;" ""deux Tributz entieres, assavoir de **Ruben**, & de **Gad**, & la demie de **Manassé**, contre lesquelles prennent les armes [76, 77]"""
Du droit des magistrats (1574); Tribus d'Israël combattent les Benjamites;-1406; Antiquité biblique; Antiquité;" ""Ce qui se void notoirement en la guerre des **Tributs d'lsraël** contre les **Benjamites** [20]"""
Du droit des magistrats (1574); Abimelech devient un tyran manifeste;-1150; Antiquité biblique; Antiquité;" ""comme **Abimelech** entre les Israëlites, les trente en Athenes, & les dix à Romme [24]"""
Du droit des magistrats (1574); Ammonites proposent de crever l'œil aux gens de Jabes;-1095; Antiquité biblique; Antiquité;" ""accord presenté par les **Ammonites** aux habitans de **Jabes**, assavoir de les recevoir à merci, pour une que chacun d'eux se crevast l'œil [74]"""
Du droit des magistrats (1574); Samuel prédit le droit du Roi;-1095; Antiquité biblique; Antiquité;" ""lui predit par **Samuel** ce qui est nommé en ceste histoire là, le droit du Roi [48]"""
Du droit des magistrats (1574); Samuel reçoit la requête du peuple pour un Roi;-1095; Antiquité biblique; Antiquité;" ""Dieu, encores que lui-mesmes eust choisi Saül pour estre mis en la place de **Samuel** à la requeste du peuple [12]"""
Du droit des magistrats (1574); Saül reçoit l'élection du peuple;-1095; Antiquité biblique; Antiquité;" ""Dieu... a voulu toutes-fois que le peuple outre cela le creast & acceptast pour Roi (**Saül**) [12]"""
Du droit des magistrats (1574); Absalom veut ravir le royaume;-1023; Antiquité biblique; Antiquité;" ""occasion de laquelle se voulut servir **Absalom** pour ravir le Roiaume à son pere [13]"""
Du droit des magistrats (1574); Chusay répond à Absalom sur l'élection;-1023; Antiquité biblique; Antiquité;" ""voici la responce, que lui fist **Chusay** l'ami de David... avec celui que l'Eternel & le peuple auront esleu [13]"""
Du droit des magistrats (1574); David évite la rage de Saül;-1015; Antiquité biblique; Antiquité;" ""**David** cherché à la mort par **Saül** tres cruel & tres-deloial Tyran [32]"""
Du droit des magistrats (1574); David exerce le royaume par consentement;-1010; Antiquité biblique; Antiquité;" ""**David** aussi combien que Dieu lui-mesmes l'eust choisi... n'exerça le roiaume qu'apres les suffrages [12]"""
Du droit des magistrats (1574); Abigail loue la défense de David;-1000; Antiquité biblique; Antiquité;" ""sans reprendre la sage **Abigail** comme mensongere, quand elle a dit que **David** injustement assailli menoit les guerres [33]"""
Du droit des magistrats (1574); Salomon et Roboam règnent par approbation;-951; Antiquité biblique; Antiquité;" ""Ce qui se void nommement en l'histoire de **Salomon**, **Roboam**, Uzias, Joas & Joachaz [13]"""
Du droit des magistrats (1574); Abdias nourrit les prophètes de Dieu;-860; Antiquité biblique; Antiquité;" ""feit tres-bien **Abdias** quand au lieu de les tuer, il les nourrist & entretint [2]"""
Du droit des magistrats (1574); Achab et Jesabel menacent les prophètes;-860; Antiquité biblique; Antiquité;" ""sauva, & nourrit contre la volonté d'**Achab** & de **Jesabel**... nous estant commandé de Dieu de secourir nos freres [7]"""
Du droit des magistrats (1574); Elie et Elisee conduisent l'Eglise;-860; Antiquité biblique; Antiquité;" ""à l'exemple d'**Elie** & d'**Elisee** & de toute l'ancienne, vraie & pure Eglise, de se trouver aux saintes assemblees [8]"""
Du droit des magistrats (1574); Jesabel commande de tuer les Prophètes;-860; Antiquité biblique; Antiquité;" ""Le commandement de **Jesabel** de tuer les **Prophetes** de Dieu estoit irreligieux & inique tout ensemble [2]"""
Du droit des magistrats (1574); Lobna se retire de Joram;-848; Antiquité biblique; Antiquité;" ""exemple tres evident en la cité de **Lobna**... qui se retira de l'obeissance de **loram** [33]"""
Du droit des magistrats (1574); Joiada agit contre Athalia;-835; Antiquité biblique; Antiquité;" ""prudence de **Joiada**, contre **Athalia**, qui avoit esté constituee Roine [50]"""
Du droit des magistrats (1574); Azarias est établi roi par le peuple;-792; Antiquité biblique; Antiquité;" ""tout le peuple de Juda establit pour Roi **Azarias** son fils [52]"""
Du droit des magistrats (1574); Uzias et Joas règnent par approbation;-792; Antiquité biblique; Antiquité;" ""Ce qui se void nommement en l'histoire de Salomon, Roboam, **Uzias**, **Joas** & Joachaz [13]"""
Du droit des magistrats (1574); Amasias meurt à Lachis par le peuple;-767; Antiquité biblique; Antiquité;" ""exemple d'**Amasias** poursuivi jusques à la mort... s'en fut enfui en la ville de **Lachis** [50, 51]"""
Du droit des magistrats (1574); Asa, Josaphat, Eséchias et Josias règlent le service de Dieu;-760; Antiquité biblique; Antiquité;" ""La prattique s'en voit en David... és Edits d'**Asa**, **Josaphat**, **Eséchias**, **Josias** [86]"""
Du droit des magistrats (1574); Michee maudit ceux qui obéissent au mauvais mandement;-735; Antiquité biblique; Antiquité;" ""souvenir de ceste parolle des Apostres... à fin que ne soions du nombre de ceux que le Seigneur maudit par son Prophete **Michee** [4]"""
Du droit des magistrats (1574); Loas et Ammon meurent par leurs serviteurs;-719; Antiquité biblique; Antiquité;" ""Amasias... tué par ses serviteurs, comme **Loas** son pere, & comme **Ammon** fils de Manassé [50, 51]"""
Du droit des magistrats (1574); Joachaz reçoit le royaume du peuple;-609; Antiquité biblique; Antiquité;" ""Ce qui se void nommement en l'histoire de Salomon, Roboam, Uzias, Joas & **Joachaz** [13]"""
Du droit des magistrats (1574); Compagnons de Daniel refusent l'image d'or;-600; Antiquité biblique; Antiquité;" ""pourtant les **compagnons de Daniel** n'en voulurent rien faire : La pieté & constance desquels fut approuvee [2]"""
Du droit des magistrats (1574); Nabuchadnezar impose l'adoration de l'image;-594; Antiquité biblique; Antiquité;" ""L'edit de **Nabuchadnezar** touchant l'adoration de l'image d'or, estoit irreligieux [2]"""
Du droit des magistrats (1574); Sedechias se révolte contre le Roi des Chaldeens;-589; Antiquité biblique; Antiquité;" ""Dieu a tres aigrement reprins & chastié **Sedechias**... de ce que... il s'estoit revolté du **Roi des Chaldeens** [75]"""
Du droit des magistrats (1574); Darius est ému par Daniel;-539; Antiquité biblique; Antiquité;" ""voire en Nabuchadnezer, & **Darius** estans esmeuz d'adorer le vrai Dieu, par le Prophete **Daniel** [86]"""
Du droit des magistrats (1574); Nehemie repousse Senabalat par les lois;-445; Antiquité biblique; Antiquité;" ""repousser une force injuste par une juste defense, comme nous voions avoir esté pratiqué par **Nehemie** à l'encontre de **Senabalat** [11]"""
Du droit des magistrats (1574); Herodes commande de tuer les Innocents;-4; Antiquité biblique; Ier siècle;" ""exemple de Pharaon... & d'**Herodes** commandant à ses satellites de tuer les **Innocents** [6]"""
Du droit des magistrats (1574); Jésus et Apostres prêchent au temple;30; Antiquité biblique; Ier siècle;" ""**Jesus Christ**, & apres lui ses **Apostres**... Jesus Christ a presché en plein temple [3]"""
Du droit des magistrats (1574); Judas Iscariot est cité pour l'exécration;30; Antiquité biblique; Ier siècle;" ""aient leur portion avec **Judas Iscariot**, Amen [58]"""
Du droit des magistrats (1574); Paul appelle à Cesar contre Festus;60; Antiquité biblique; Ier siècle;" ""comme nous voions qu'a pratiqué saint **Paul** appellant à **Cesar** pour empescher le tort que lui faisoit **Festus** [9, 10]"""
Du droit des magistrats (1574); Romulus crée le peuple par consentement;-753; Antiquité classique; VIIIe siècle av. J.-C.;" ""comme **Romulus** semble avoir creé le peuple Romain... n'a dominé sur ces gents-là que de leur consentement [34, 35]"""
Du droit des magistrats (1574); Homere appelle les rois pasteurs;-750; Antiquité classique; Antiquité;" ""Ce qu'**Homere** mesmes a bien congneu & voulu declarer, appellant les Rois nourrissons de Jupiter & pasteurs des peuples [15]"""
Du droit des magistrats (1574); Horatiꝰ est absous par le Peuple;-670; Antiquité classique; VIIe siècle av. J.-C.;" ""en la cause criminelle de **Horatiꝰ**, meurtrier de sa sœur, absous par le Peuple... Roi **Tullus Hostilius** [38]"""
Du droit des magistrats (1574); Brutus et Lucretius assemblent le peuple contre Tarquinius;-509; Antiquité classique; VIe siècle av. J.-C.;" ""se fonderent à Romme... **Brutus** estant en la charge... & **Lucretius** gouverneur de la ville... contre **Tarquinius le superbe** [30]"""
Du droit des magistrats (1574); Collatin se démet devant Brutus;-509; Antiquité classique; VIe siècle av. J.-C.;" ""l'histoire de **Collatin**, premier Consul avec **Brutus**, que le Peuple... avoit pareille authorité [39, 40]"""
Du droit des magistrats (1574); Tarquinius le Superbe rompt la coutume du conseil;-509; Antiquité classique; VIe siècle av. J.-C.;" ""parlant de **Tarquinius le Superbe**... Il fut le premier, dit-il, qui rompit la coustume observee par les Rois precedens [37]"""
Du droit des magistrats (1574); Les Dix oppriment Rome;-451; Antiquité classique; Ve siècle av. J.-C.;" ""comme Abimelech entre les Israëlites, les trente en Athenes, & les **dix à Romme** [24, 25]"""
Du droit des magistrats (1574); Decemvires se démettent de leurs charges;-449; Antiquité classique; Ve siècle av. J.-C.;" ""peuple Romain, lequel mesmes finalement contraignit ces **dix hommes** (Decemvires) de se demettre [41]"""
Du droit des magistrats (1574); Pisistrate et Demetrius Phalereus dominent à Athenes;-426; Antiquité classique; Antiquité;" ""dominer equitablement, comme nous lisons avoir esté fait par **Pisistrate** & **Demetrius Phalereus** à Athenes [26]"""
Du droit des magistrats (1574); Les Trente oppriment Athenes;-404; Antiquité classique; Ve siècle av. J.-C.;" ""comme Abimelech entre les Israëlites, les **trente en Athenes**, & les dix à Romme [24, 25]"""
Du droit des magistrats (1574); Lysander veut changer l'élection;-397; Antiquité classique; IVe siècle av. J.-C.;" ""Ce que s'efforça de changer **Lysander**, mais en vain, comme recite Plutarque [45]"""
Du droit des magistrats (1574); Xenophon décrit le serment mutuel;-380; Antiquité classique; IVe siècle av. J.-C.;" ""un tres beau passage de **Xenophon**, parlant de la Republique des Lacedemoniens [46]"""
Du droit des magistrats (1574); Platon et Aristote enseignent l'origine des républiques;-350; Antiquité classique; IVe siècle av. J.-C.;" ""C'est ce que non seullement **Platon**, **Aristote**, & autres raisonnables Philosophes ont enseigné [14]"""
Du droit des magistrats (1574); Demosthene répond à Æschines sur Cheronee;-338; Antiquité classique; IVe siècle av. J.-C.;" ""suivant ce que **Demosthene** respondit à son adversaire **Æschines** lui reprochant la malheureuse issue de la bataille de **Cheronee** [18, 19]"""
Du droit des magistrats (1574); Alexandre le grand capture un écumeur;-329; Antiquité classique; IVe siècle av. J.-C.;" ""escumeur de mer disoit verité, lequel estant prins & mené vers **Alexandre le grand** [17]"""
Du droit des magistrats (1574); Papirius et Quintus Fabius contestent la puissance;-325; Antiquité classique; IVe siècle av. J.-C.;" ""entre **Papirius** Dictateur, & **Quintus Fabius** [42]"""
Du droit des magistrats (1574); Cleomenes tue les Ephores;-227; Antiquité classique; IIIe siècle av. J.-C.;" ""jusques à ce qu'estans mis à mort par la trahison du tyran **Cleomenes**, Lacedemon perdit [46]"""
Du droit des magistrats (1574); Antiochus commande de sacrifier aux faux dieux;-167; Antiquité classique; IIe siècle av. J.-C.;" ""**Antiochus** commande qu'on sacrifie aux faux dieux, que les ceremonies sacrees soient violees [2]"""
Du droit des magistrats (1574); Antiochus contraint les gens de Jerusalem à renoncer à la religion;-167; Antiquité classique; IIe siècle av. J.-C.;" ""condition que la pluspart de ceux de **Jerusalem** accorderent à cest execrable Tyran **Antiochus** pour sauver leur vie, assavoir de renoncer à la vraie Religion [74]"""
Du droit des magistrats (1574); Mathathias s'oppose aux livres abolis;-167; Antiquité classique; IIe siècle av. J.-C.;" ""auquel saintement s'opposerent les demourants des fideles, sous la charge & conduitte de **Mathathias** [3]"""
Du droit des magistrats (1574); Fimbria menace Scevola devant Sylla;-86; Antiquité classique; Ier siècle av. J.-C.;" ""execrable Romain **Fimbria**... durant la proscription de **Sylla**, aiant fait naurer & toutes-fois failli à tuer **Scevola** [90]"""
Du droit des magistrats (1574); Ambiorix et Vercingentorix parlent de la puissance du peuple;-53; Antiquité classique; Ier siècle av. J.-C.;" ""harangue d'**Ambiorix** Roi des Liegeois... ce que dit **Vercingentorix** Roi d'Auvergne [63]"""
Du droit des magistrats (1574); Seneque et Ciceron traitent de l'appel au peuple;-53; Antiquité classique; Ier siècle av. J.-C.;" ""outre ce que **Seneque** remarque des livres de Republica de **Ciceron**, assavoir, Qu'il y avoit appel du Roi [38]"""
Du droit des magistrats (1574); Cesar oppresse la république romaine;-49; Antiquité classique; Ier siècle av. J.-C.;" ""**Cesar** oppressa la republique Romaine sous le non feint de Dictateur perpetuel [16]"""
Du droit des magistrats (1574); Pompee conduit la guerre contre Cesar;-49; Antiquité classique; Ier siècle av. J.-C.;" ""La guerre ordonnee contre **Cesar** sous la conduite de **Pompee**, estoit juste [21]"""
Du droit des magistrats (1574); Dionisius témoigne sur le gardien des lois;-7; Antiquité classique; Ier siècle av. J.-C.;" ""**Dionisius** nous tesmoigne que Romulus... declara le Roi estre le gardien des Loix [38]"""
Du droit des magistrats (1574); Tite Live écrit sur les Interreges;-7; Antiquité classique; Ier siècle av. J.-C.;" ""**Tite Live** parlant du premier commencement... ces cent personnages qui furent appellez **Interreges** [36]"""
Du droit des magistrats (1574); Cinna jure la mort d'Auguste;4; Antiquité classique; Ier siècle av. J.-C.;" ""je n'oseroi dire que **Cinna** & autres, aient peu droitement jurer la mort d'**Auguste** [22]"""
Du droit des magistrats (1574); Caligula reçoit le consentement du Sénat;37; Antiquité classique; Ier siècle;" ""**Caligula** apres lui fut Empereur, d'un tres-grand consentement du Senat [43]"""
Du droit des magistrats (1574); Petronius reçoit la réponse des Juifs;40; Antiquité classique; Ier siècle;" ""respondirent à **Petronius** leur gouverneur, Qu'ils ne combattroient point contre lui [82]"""
Du droit des magistrats (1574); Claudius acquiert l'empire par faveur;41; Antiquité classique; Ier siècle;" ""**Claudius** fut le premier qui acquist l'Empire par faveur militaire [43]"""
Du droit des magistrats (1574); Tybere et Neron persécutent les chrétiens;47; Antiquité classique; Ier siècle;" ""nul n'ignore quels estoient les Empereurs de ce temps-là, assavoir **Tybere** & **Neron** [27, 28]"""
Du droit des magistrats (1574); Lucain écrit sur le droit au tort;62; Antiquité classique; Ier siècle;" ""à Dieu ne plaise que pour cela je m'accorde à ce dire de **Lucain**, que Dieu donne le droit au tort [18]"""
Du droit des magistrats (1574); Albinus et Florus commettent des exactions;64; Antiquité classique; Ier siècle;" ""combien que les exactions d'**Albinus** & **Florus** leur baillassent juste occasion [83]"""
Du droit des magistrats (1574); Neron est jugé ennemi par le Sénat;68; Antiquité classique; Ier siècle;" ""**Neron** empoisonneur & successeur d'icelui... il fut jugé ennemi par le **Senat** [43, 44]"""
Du droit des magistrats (1574); Vespasian renouvelle la loi royale;69; Antiquité classique; Ier siècle;" ""loi appellee Roialle, faicte pour Auguste, & renouvellee pour **Vespasian** [44]"""
Du droit des magistrats (1574); Villaine incestueuse pratique le plaisir du roi;69; Antiquité classique; Ier siècle;" ""suivant l'execrable parolle de ceste **villaine incestueuse**, Si libet, licet [49]"""
Du droit des magistrats (1574); Domitian se fait nommer Dieu;89; Antiquité classique; Ier siècle;" ""malheureux, qui ont adoré leurs Tyrans comme Dieux... comme il est notamment escrit de ce monstre **Domitian** [5]"""
Du droit des magistrats (1574); Martial flatte l'empereur Domitien;90; Antiquité classique; Ier siècle;" ""tesmoignage de cest ord & sale poëte **Martial**, aiant osé escrire ces mots, Edictum domini Deiq́ue nostri [5]"""
Du droit des magistrats (1574); Trajan donne l'épée au Connestable;100; Antiquité classique; IIe siècle;" ""Ainsi aussi le pratiqua **Trajan**... quand delivrant l'espee à un qu'il creoit son **Connestable** [31]"""
Du droit des magistrats (1574); Suetone témoigne de la coutume de Tybere et Vespasiã;121; Antiquité classique; Ier siècle;" ""introduite premierement en l'Empire Romain par l'Empereur **Tybere**, comme tesmoigne **Suetone** en la vie de **Vespasiã** [29]"""
Du droit des magistrats (1574); Marc Aurele se confesse astreint aux lois;170; Antiquité classique; IIe siècle;" ""sentence de l'Empereur **Marc Aurele**... digne de Prince de monstrer & confesser ouvertement qu'il est astreint aux loix [31]"""
Du droit des magistrats (1574); Adrian, Antonin et Alexandre adoucissent les persécutions;176; Antiquité classique; IIe-IIIe siècle;" ""quelques Empereurs qui ont precedé Diocletian, comme **Adrian**, **Antonin**, & **Alexandre**, eussent adouci les persecutions [89]"""
Du droit des magistrats (1574); Papinian refuse de défendre Caracalla;212; Antiquité classique; IIIe siècle;" ""jurisconsulte **Papinian**... aima mieux estre tué par le tyran **Caracalla**, que de maintenir & defendre le meurtre [6]"""
Du droit des magistrats (1574); Constantin secourt Rome contre Maxentius;312; Antiquité classique; IVe siècle;" ""ceux de Rome qui appellent **Constantin** en aide contre **Maxentius** [78]"""
Du droit des magistrats (1574); Diocletian et Julian voient les légions souffrir le martyre;333; Antiquité classique; IVe siècle;" ""comme principallement il advint sous **Diocletian**, & **Julian**... les legions entieres, qui ont souffert Martyre [89]"""
Du droit des magistrats (1574); Julian l'apostat transgresse les édits;362; Antiquité classique; IVe siècle;" ""transgressé les edits faits & pratiquez en la faveur des Chrestiens, comme notamment il advint sous l'Empereur **Julian l'apostat** [28]"""
Du droit des magistrats (1574); Julien l'apostat subit les prières de l'Eglise;363; Antiquité classique; IVe siècle;" ""Eglise Chrestienne qui a prié, & a esté exaucee contre l'Empereur **Julien** surnommé l'apostat [80, 81]"""
Du droit des magistrats (1574); Justinian publie des constitutions ecclésiastiques;535; Antiquité classique; VIe siècle;" ""sont imprimees mille constitutions & reiglemens Ecclesiastiques tant de l'Empereur **Justinian** [87, 88]"""
Du droit des magistrats (1574); Christienne subit la déposition par les Danois;1523; Contemporain à l'auteur; XVIe siècle;" ""**Danois** ont deposé & tenu en prison jusques à la mort, **Christienne**, tres-cruel Tyran [53]"""
Du droit des magistrats (1574); Gustavus délivre les Suedes;1523; Contemporain à l'auteur; XVIe siècle;" ""comme **Gustavus** de nostre memoire, s'est delivré & les siens de la subjection des Danois [54]"""
Du droit des magistrats (1574); Elizabeth gouverne heureusement l'Angleterre;1558; Contemporain à l'auteur; XVIe siècle;" ""gouvernement de leur serenissime Roine **Elizabeth**... monstre par experience combien est heureuse [56]"""
Du droit des magistrats (1574); Evesque de Valence loue les Poulonnois;1573; Contemporain à l'auteur; 1573;" ""**Evesque de Valence**, moyenneur de laditte election... louë les **Poulonnois** [57]"""
Du droit des magistrats (1574); Henri de Pologne reçoit l'élection;1573; Contemporain à l'auteur; 1573;" ""derniere election qu'ils ont faicte de **Henri** frere du Roi de France [57]"""
Du droit des magistrats (1574); Marie subit la condamnation par les Escossois;1587; Contemporain à l'auteur; XVIe siècle;" ""**Escossois** ces annees pasees ont deposé, & condamné en prison perpetuelle leur **Roine** (**Marie**) [54]"""
Du droit des magistrats (1574); Sigibert et Theodoric subissent la démission;496; Haut Moyen Âge; VIe-VIIe siècle;" ""& **Sigibert**, l'an 578: & **Theodoric**, l'an 667 [67, 68]"""
Du droit des magistrats (1574); Childeric est démis au profit de Gilon;461; Haut Moyen Âge; 461;" ""demis pour ses insolences & paillardises **Childeric**, auquel fut substitué **Gilon** [67]"""
Du droit des magistrats (1574); Sisenand reçoit le service des Espagnols;631; Haut Moyen Âge; VIIe siècle;" ""gardans la foi promise à nostre tres-glorieux seigneur & Roi **Sisenand** [58, 59]"""
Du droit des magistrats (1574); Pharamond et Pepin reçoivent l'élection;751; Haut Moyen Âge; Ve-VIIIe siècle;" ""Ainsi fut esleu **Pharamond** l'an 419. & **Pepin** l'an 751 [64]"""
Du droit des magistrats (1574); Charles et Charloman reçoivent l'élection;768; Haut Moyen Âge; VIIIe siècle;" ""ses fils d'icelui, assavoir **Charles** & **Charloman** l'an 768 [64]"""
Du droit des magistrats (1574); Lombards subissent la venue de Charlemagne;774; Haut Moyen Âge; VIIIe siècle;" ""evoqué par la plus saine partie d'Italie... contre la Tyrannie des **Lombards** [79]"""
Du droit des magistrats (1574); Charles le Chauve s'adresse aux électeurs;877; Haut Moyen Âge; IXe siècle;" ""tesmoignage d'Aymoinus, faisant ainsi parler **Charles le Chauve** : puis que vous m'avez esleu [65, 66]"""
Du droit des magistrats (1574); Eudes est élu par les états;890; Haut Moyen Âge; 890;" ""l'an 890 les Estats... esleurent **Eudes** pour leur Roi [68]"""
Du droit des magistrats (1574); Hue Cappet prive Charles du royaume sous Lothaire;987; Haut Moyen Âge; Xe siècle;" ""**Hue Cappet** pour priver du Roiaume **Charles** frere de **Lothaire** [68]"""
Du droit des magistrats (1574); Loüis est fait héritier par Charles;je ne sais pas; Haut Moyen Âge; IXe siècle;" ""l'an 812 il fit **Loüis** son fils heritier de son Empire [65]"""
Du droit des magistrats (1574); Semitalan se prive du royaume;je ne sais pas; Haut Moyen Âge; VIIe siècle;" ""Et quant à **Semitalan**, lequel pour crainte de ses propres meffaits, s'est privé soimesme du Roiaume [60]"""
Du droit des magistrats (1574); Henri premier fonde l'autorité sur le Parlement;1035; Moyen Âge tardif; XIIe siècle;" ""tesmoignage de Polydore en la vie de **Henri premier**... authorité de regner est fondee... sur le consentement du Parlement [55]"""
Du droit des magistrats (1574); S. Bernard montre les fautes des ecclésiastiques;1145; Moyen Âge tardif; XIIe siècle;" ""chose directement repugnante aux mandemens... comme entre autres **S. Bernard** leur a tant & tant clairement monstré [23]"""
Du droit des magistrats (1574); Adolph et Vvenceslaus subissent la déposition;1349; Moyen Âge tardif; XIVe-XVe siècle;" ""deposer l'Empereur... Comme il advint à l'Empereur **Adolph**, l'an 1296. & à l'Empereur **Vvenceslaus** l'an 1400 [61, 62]"""
Du droit des magistrats (1574); Charles le quint subit la rescision de son testament;1380; Moyen Âge tardif; 1380;" ""que le testament de **Charles le quint** surnommé le sage, fut rescindé par les Estats, assavoir l'an 1380 [69]"""
Du droit des magistrats (1574); Charles septiesme fait massacrer Jean de Bourgongne;1419; Moyen Âge tardif; XVe siècle;" ""**Charles septiesme**... fit mal-heureusement massacrer deuant ses yeux, **Jean** dernier duc de **Bourgongne** [71]"""
Du droit des magistrats (1574); Philippes de Bourgongne traite à Arras;1435; Moyen Âge tardif; 1435;" ""Roi traittast avec le Duc **Philippes de Bourgongne** fils dudit Duc Jean... au traitté d'**Arras** [72]"""
Du droit des magistrats (1574); Lois unzieme reçoit trente-six curateurs;1467; Moyen Âge tardif; 1467;" ""le Roi **Lois unzieme**... receut des Estats assemblez à Tours, **trente six personnes** comme curateurs [69, 70]"""
Du droit des magistrats (1574); Jean Nauclerus laisse la teneur du testament;1510; Moyen Âge tardif; XVIe siècle;" ""tesmoin **Jean Nauclerus**, qui nous a laissé la teneur dudit Testament (de Charlemagne) [65]"""
Du droit des magistrats (1574); Minos exige un tribut d'enfants pour le Minotaurus;je ne sais pas; Mythologie; Antiquité;" ""convention... entre **Minos** Roi de Candie, & les Atheniens... pour estre devorez du **Minotaurus** [73]"""
La Gaule Françoise (1574); Daniel appelle Rome la grande bête;-553; Antiquité biblique; Antiquité;" ""assujettie à la parfin, sous la puissance de la grande beste (ainsi qu'elle est appellee par **Daniel** le prophete) [25]"""
La Gaule Françoise (1574); Homère décrit Ulysses aimant Ithaque;-750; Antiquité classique; Antiquité;" ""telle comme la descrit **Homere** en la personne d'**Ulysses**, lequel estima son pays & povre ville d'**Ithaque** [2]"""
La Gaule Françoise (1574); Gyges est renommé pour sa cruauté;-697; Antiquité classique; Antiquité;" ""l'autre Typhon, l'autre **Gyges**: Princes malheureux & mal advisez [6]"""
La Gaule Françoise (1574); Tarquinius Priscus règne à Rome;-598; Antiquité classique; VIe siècle av. J.-C.;" ""Titus Livius au 5.livre de ses histoires escrit, que lors que **Tarquinius Priscus** regnoit à **Rome** [13]"""
La Gaule Françoise (1574); Ninus est gâté par sa mère Semiramis;-535; Antiquité classique; Antiquité;" ""**Ninus** par sa mere **Semiramis**: Ptolemee... par des farceurs [100]"""
La Gaule Françoise (1574); Camillus fait une ordonnance contre les Gaulois;-390; Antiquité classique; IVe siècle av. J.-C.;" ""Plutarque en la vie de **Camillus**... ont laissé par escrit, Que les Gaulois firent si grand frayeur aux Romains [26]"""
La Gaule Françoise (1574); Platon parle de sa patrie;-350; Antiquité classique; IVe siècle av. J.-C.;" ""ainsi comme **Platon** a parlé de la siene: Et quelquefois mesmes elle est si transportee de fureur [4]"""
La Gaule Françoise (1574); Cineas parle du Sénat Romain;-280; Antiquité classique; IIIe siècle av. J.-C.;" ""comme disoit **Cineas** ambassadeur du Roy **Pyrrus**, parlant du **Senat Romain** [101]"""
La Gaule Françoise (1574); Annibal dresse un autel avec un écriteau;-190; Antiquité classique; IIIe siècle av. J.-C.;" ""Au 28. liv. **Annibal** fit là dresser un autel, & le dedia avec un grand escriteau [21]"""
La Gaule Françoise (1574); Polybius montre la cause des maux;-150; Antiquité classique; IIe siècle av. J.-C.;" ""que la semence & la cause: qui sont deux choses bien differentes... ainsi comme **Polybius** auteur grave [8]"""
La Gaule Françoise (1574); Catamantaledes reçoit le titre d'ami des Romains;-60; Antiquité classique; Ier siècle av. J.-C.;" ""Que les Sequaniens avoyent un Roy nommé **Catamantaledes** lequel avoit eu l'honneur d'estre appellé amy & allié du peuple Romain [15]"""
La Gaule Françoise (1574); Ariouistus parle le langage des Gaulois;-58; Antiquité classique; Ier siècle av. J.-C.;" ""où il dit, qu'**Ariouistus** Roy des Alemans parloit communement le langage des **Gaulois** [24]"""
La Gaule Françoise (1574); Casticus est fils de Catamantaledes;-58; Antiquité classique; Ier siècle av. J.-C.;" ""Cæsar en nomme plusieurs... comme entre les autres un **Casticus** fils de **Catamantaledes** [18]"""
La Gaule Françoise (1574); Moritasgus règne sur les Senonois;-58; Antiquité classique; Ier siècle av. J.-C.;" ""que les **Senonois**... avoyent eu autrefois un Roy nommé **Moritasgus** [17]"""
La Gaule Françoise (1574); Divitiacus règne sur l'Angleterre;-57; Antiquité classique; Ier siècle av. J.-C.;" ""un Roy nommé **Divitiacus**... sa domination... s'estoit rendu Seigneur de l'**Angleterre** [16]"""
La Gaule Françoise (1574); Galba règne sur les Suessioniens;-57; Antiquité classique; Ier siècle av. J.-C.;" ""lors que Cæsar entra dedans les Gaules, ils avoyent un Roy nommé **Galba** [16]"""
La Gaule Françoise (1574); Ollouicon reçoit les lettres du Sénat;-56; Antiquité classique; Ier siècle av. J.-C.;" ""qu'un **Ollouicon** avoit regné sur les Nitiobriges, lequel receut letres du **Senat** de Rome [17]"""
La Gaule Françoise (1574); Piso d'Aquitaine est fils de roi;-56; Antiquité classique; Ier siècle av. J.-C.;" ""Et en la Guienne le grand pere d'un certain **Piso d'Aquitaine**, avoit esté Roy [16]"""
La Gaule Françoise (1574); Ambiorix déclare la puissance du peuple;-54; Antiquité classique; Ier siècle av. J.-C.;" ""**Ambiorix** Roy des Eburons... il dit, qu'il estoit tellement Seigneur & Roy pour commander, que cependant le peuple avoit autant d'authorité sur luy [19]"""
La Gaule Françoise (1574); César fait tuer Dumnorix Aeduien;-54; Antiquité classique; 54 av. J.-C.;" ""ce que recite **Cæsar** en ses Commentaires... Que lors qu'il fit tuer **Dumnorix Aeduien**, il se mit en defense [11]"""
La Gaule Françoise (1574); Quintus Cicero est assiégé par les Gaulois;-54; Antiquité classique; 54 av. J.-C.;" ""Que lors que **Qu. Cicero** estoit assiegé dedans son camp par les **Gaulois**, il luy envoya une letre escrite en Grec [20]"""
La Gaule Françoise (1574); Celtillus subit la condamnation par les états;-52; Antiquité classique; Ier siècle av. J.-C.;" ""de sorte que quand un **Celtillus** le pere de Vercingetorix... il fut condamné à perdre la vie par la sentence des **estats** [14]"""
La Gaule Françoise (1574); Vercingentorix allie les cités en ligue;-52; Antiquité classique; 52 av. J.-C.;" ""au 7.livre chap.6. où il parle de **Vercingentorix**. Il se faisoit fort, dit il, d'allier & de joindre en une ligue les citez [12]"""
La Gaule Françoise (1574); César et Strabon écrivent sur les Gaulois;-29; Antiquité classique; Ier siècle av. J.-C.;" ""Car quant à ce que **Cæsar**, Polybius, **Strabo**, Ammianus, & autres anciens auteurs, nous ont laissé par escrit, touchant l'origine & ancieneté des **Gaulois** [9]"""
La Gaule Françoise (1574); Claudius ajoute des formes de lettres;47; Antiquité classique; Ier siècle;" ""Ainsi parle Tacit. au liv.11. Il adjousta, dit-il, parlant de l'Empereur **Claudius**, de nouvelles formes de letres aux ancienes [22]"""
La Gaule Françoise (1574); Neron regarde Rome brûler;64; Antiquité classique; Ier siècle;" ""çomme on dit que fit **Neron** lors que **Rome** bruloit [7]"""
La Gaule Françoise (1574); Tacite compte soixante et quatre cités;110; Antiquité classique; Ier siècle;" ""Et de ces citez là... comme Cæsar le donne assez à entendre, **Cornelius Tacitus** en conte soixante & quatre [10]"""
La Gaule Françoise (1574); Juvenal déplore la corruption;120; Antiquité classique; IIe siècle;" ""en recitant ce vers du poete **Juvenal**. Ainsi vivoyent les hommes de jadis [102]"""
La Gaule Françoise (1574); Macrinus reçoit le nom de Bouchier;218; Antiquité classique; IIIe siècle;" ""cruauté sanguinaire de l'Empereur **Macrinus**, lequel, comme dit Jules Capitolin, en fut appellé Macellinus, comme qui diroit, le Bouchier [5]"""
La Gaule Françoise (1574); Probus taille en pièces les Allemands;277; Antiquité classique; IIIe siècle;" ""L'Empereur **Probus**... il en tailla en pieces bien quatre cens mille, qui s'estoyent jettez sur les terres des Romains [28]"""
La Gaule Françoise (1574); Constantin reçoit le secours des François;310; Antiquité classique; IVe siècle;" ""guerre civile entre **Constantin** & Licinius, ils combatirent vaillamment, pour le party de **Constantin** [36]"""
La Gaule Françoise (1574); Mellobaudes tue le roi Macrian;374; Antiquité classique; IVe siècle;" ""il donna dedans les filets, que luy avoit tendus le Roy des François, nommé **Mellobaudes**, & y demeura mort... le Roy **Macrian** [37]"""
La Gaule Françoise (1574); Ambroise écrit à Theodose sur les François;380; Antiquité classique; IVe siècle;" ""ce qu'escrit d'eux S. **Ambroise** à l'Empereur **Theodose**... Que les François avoyent desfait & rompu plusieurs fois... un Maximus [39]"""
La Gaule Françoise (1574); Latinus Pacatus écrit à Theodose sur la Gaule;389; Antiquité classique; IVe siècle;" ""Et c'est ce que vouloit entendre **Latinus Pacatus**, escrivant ainsi à **Theodose**, Par où commenceray-je donc, dit-il, sinon par tes malheurs, ô povre Gaule [30]"""
La Gaule Françoise (1574); Stillicon fait soulever les nations contre Honorius;406; Antiquité classique; 406;" ""**Stillicon** fit adonc soulever les nations des Alains, des Sueviens... contre son maistre... l'Empereur **Honorius** [38]"""
La Gaule Françoise (1574); Busiris est renommé pour sa cruauté;je ne sais pas; Antiquité classique; Antiquité;" ""l'un en fut surnommé Cyclops, l'autre **Busiris**, l'autre Sciron, l'autre Typhon [6]"""
La Gaule Françoise (1574); Ptolemee est gâté par des farceurs;je ne sais pas; Antiquité classique; Antiquité;" ""**Ptolemee**, surnommé Auletes... par des farceurs, & joueurs de flustes [100]"""
La Gaule Françoise (1574); Sciron est renommé pour sa cruauté;je ne sais pas; Antiquité classique; Antiquité;" ""l'un en fut surnommé Cyclops, l'autre Busiris, l'autre **Sciron**, l'autre Typhon [6]"""
La Gaule Françoise (1574); Teucer donne une sentence sur le pays;je ne sais pas; Antiquité classique; Antiquité;" ""Est une anciene sentence, Prince tres illustre, qu'on a comnunement attribuee à **Teucer** fils de Telamon... Que le Pays est par tout où l'on se trouve bien [1]"""
La Gaule Françoise (1574); Charles 7 publie une ordonnance sur les parlements;1453; Contemporain à l'auteur; 1453;" ""on peut alleguer l'ordonnance du Roy **Charles 7**. qui fut publiee l'an 1453... les Presidens & Conseillers doyvent estre assemblez [89]"""
La Gaule Françoise (1574); Louis XI établit trente-six procureurs;1465; Contemporain à l'auteur; 1465;" ""du regne de **Loys XI.**... l'assemblee des Estats establit **36. Procureurs** & administrateurs de la chose publique [98]"""
La Gaule Françoise (1574); Procureurs sont établis par l'assemblée des états;1465; Contemporain à l'auteur; 1465;" ""l'assemblee des Estats establit **36. Procureurs** & administrateurs de la chose publique [98]"""
La Gaule Françoise (1574); Erporres amène Brunechilde;590; Haut Moyen Âge; VIIe siècle;" ""**Brunechilde**, fut amenee par le Conestable **Erporres** [70]"""
La Gaule Françoise (1574); Pharamond est élevé sur le trône;420; Haut Moyen Âge; Ve siècle;" ""Les François, dit-il, elisans un Roy pour eux... eleverent **Pharamond** sur le throne Royal [41]"""
La Gaule Françoise (1574); Salvianus écrit sur la cruauté des Romains;440; Haut Moyen Âge; Ve siècle;" ""combien fut cruelle & tyrannique la domination des Romains... il faut seulement, qu'il lise les livres de **Salvianus** [28, 29]"""
La Gaule Françoise (1574); Childeric est élevé sur un pavois;457; Haut Moyen Âge; Ve siècle;" ""eleurent pour leur Roy **Childeric** son fils d'un commun accord: & l'ayant mis sur un pavois... le saluerent Roy [40]"""
La Gaule Françoise (1574); Gillon remplace Childeric au siège royal;457; Haut Moyen Âge; Ve siècle;" ""Sigebert recite qu'ils l'osterent du siege Royal, & y mirent un nommé **Gillon** en sa place [51]"""
La Gaule Françoise (1574); Childeric subit la déposition par les états;479; Haut Moyen Âge; 479;" ""**Childeric**... il estoit tant perdu d'amour de femmes & de vin... le deposa par l'advis des estats [50]"""
La Gaule Françoise (1574); Gondebaud envoie des ambassadeurs au roi;500; Haut Moyen Âge; VIe siècle;" ""**Gondebaud** envoya, dit-il, deux ambassadeurs au Roy, avec des verges consacrees [57]"""
La Gaule Françoise (1574); Clovis est investi par les sujets;507; Haut Moyen Âge; VIIe siècle;" ""Apres le deces de Dagob. son fils **Clovis** estant encore en bas aage, fut inuesty du Royaume de son pere, & tous les sujets... l'eleverent [45]"""
La Gaule Françoise (1574); Vvisogast et Salogast composent la loi Salique;507; Haut Moyen Âge; Ve siècle;" ""furent deputez quatre hommes notables c'est à sçavoir, **Vvisogast**, Arbogast, **Salogast**, & Vvindogast: lesquels... en conclurent [63, 64]"""
La Gaule Françoise (1574); Theoderic est établi roi par les François;511; Haut Moyen Âge; VIIe siècle;" ""Les François establirent Roy sur eux **Theoderic**, fils de Dagobert [47]"""
La Gaule Françoise (1574); Clotaire est élu roi de trois royaumes;558; Haut Moyen Âge; VIe siècle;" ""Les Bourguignons & les Austrasiens ayans fait paix avec les autres François, eleurent **Clotaire** Roy de tous les trois Royaumes [44]"""
La Gaule Françoise (1574); Sigebert est élevé sur un pavois;561; Haut Moyen Âge; VIe siècle;" ""**Sigebert** s'accordant à la volonté des François fut elevé sur un pavois & estably Roy [43]"""
La Gaule Françoise (1574); Chilperic ajoute des lettres grecques;580; Haut Moyen Âge; VIe siècle;" ""Car parlans du Roy **Chilperic**, ils disent, qu'il adjousta quelques letres aux nostres: c'est à scavoir, ω, ψ, ζ, φ [23]"""
La Gaule Françoise (1574); Leudaste devient Comte des Estables;580; Haut Moyen Âge; VIe siècle;" ""**Leudaste**... brigua l'office de **Comte des Estables**: mais dés qu'il en fut prouveu, il ne tint plus conte de personne [68]"""
La Gaule Françoise (1574); Fredegonde fait massacrer son mari Chilperic;584; Haut Moyen Âge; VIe siècle;" ""**Fredegonde**... s'estant apperceue que son mary en avoit senty le vent, le fit massacrer (**Chilperic**) [91]"""
La Gaule Françoise (1574); Leudegisile commande les engins de batterie;585; Haut Moyen Âge; VIe siècle;" ""**Leudegisile**, superintendant sur l'Escuyerie du Roy... commanda qu'on menast les engins de baterie [69]"""
La Gaule Françoise (1574); Protadius est aimé de Brunechilde;605; Haut Moyen Âge; VIIe siècle;" ""Ceste cy avoit pris en telle amour un certain Italien nommé **Protadius** [92]"""
La Gaule Françoise (1574); Theodebert et Theodoric conçoivent une inimitié mortelle;611; Haut Moyen Âge; VIIe siècle;" ""nourrit si mal ses propres enfans **Theodebert** & **Theodoric**... qu'ils conceurent inimitié mortelle [93]"""
La Gaule Françoise (1574); Brunechilde subit le procès devant les états;613; Haut Moyen Âge; 613;" ""La Royne **Brunehaut** ayant esté accusee... Elle fut, dit-il, sententiee & condamnee par les François [76, 77]"""
La Gaule Françoise (1574); Dagobert commande de l'Espagne à la Hongrie;626; Haut Moyen Âge; VIIe siècle;" ""parlant du Royaume de **Dagobert**, dit que l'empire des François estoit de si grande estendue, qu'il embrassoit toutes les nations, qui sont depuis l'Hespagne, jusques en **Hongrie** [32]"""
La Gaule Françoise (1574); Daniel est établi roi et nommé Chilperic;673; Haut Moyen Âge; VIIe siècle;" ""Les François prindrent un certain clerc nommé **Daniel**, & apres qu'il eut laissé croistre ses cheveux, l'establirent Roy, & le nommerent **Chilperic** [42]"""
La Gaule Françoise (1574); Ebroin subit le rasage de la tête;673; Haut Moyen Âge; VIIe siècle;" ""ils firent raire la teste à **Ebroin** & l'enfermerent dedans l'abbaye de Lizieux [53]"""
La Gaule Françoise (1574); Bodilon tue Childeric pour le fouet;675; Haut Moyen Âge; 679;" ""un gentil-homme nommé **Bodilon** le tua, pour autant qu'il l'avoit fait attacher à un pal, & fouëtter villainement [52]"""
La Gaule Françoise (1574); Thierry subit la déposition par les François;675; Haut Moyen Âge; VIIe siècle;" ""Que les François s'elevans contre **Theodoric** le tondirent & le confinerent avec Ebroin dedans un convent [53]"""
La Gaule Françoise (1574); Plectrude cause des séditions et troubles;715; Haut Moyen Âge; VIIIe siècle;" ""Ceste **Plectrude** icy... fut cause de seditions & de grans troubles en France [94]"""
La Gaule Françoise (1574); Charles Martel quitte son estat de Maire;741; Haut Moyen Âge; VIIIe siècle;" ""elle contraignit **Charles Martel**... de quitter son Estat [94]"""
La Gaule Françoise (1574); Thibaud remplace Charles Martel;741; Haut Moyen Âge; VIIIe siècle;" ""substitua en sa place un autre vicieux & meschant homme nommé **Thibaud** [95]"""
La Gaule Françoise (1574); Grifon reçoit douze comtés de Pepin;748; Haut Moyen Âge; VIIIe siècle;" ""**Pepin** donna à son frere **Grifon** douze contez pour son partage, comme aux Ducs [56, 57]"""
La Gaule Françoise (1574); Pepin est établi roi par les François;751; Haut Moyen Âge; 751;" ""**Pepin** fut estably & confermé Roy de France apres l'election des François par le Pape Zacharie [48]"""
La Gaule Françoise (1574); Berthe est consacrée avec les accoutrements royaux;753; Haut Moyen Âge; 753;" ""Il consacra aussi au nom de Dieu, **Berthe** la femme de Pepin ornee & paree des accoustremens Royaux [65]"""
La Gaule Françoise (1574); Estienne sacre Pepin et ses fils;753; Haut Moyen Âge; 753;" ""j'oigny &sacray pour Roys **Pepin** Roy de France, & ses deux fils Charles & Caroloman... le Pape **Estienne** [65]"""
La Gaule Françoise (1574); Charles et Caroloman sont créés rois par les François;768; Haut Moyen Âge; 768;" ""Apres le deces du Roy Pepin, ses fils **Charles** & **Caroloman**, furent creez Roys du consentement de tous les François [42]"""
La Gaule Françoise (1574); Charlemaigne s'appelle roi de Gaule et d'Allemagne;800; Haut Moyen Âge; 800;" ""**Charlemaigne** s'appelloit Roy de France, qui estoit autant comme s'il eust esté intitulé Roy d'Alemaigne, & de Gaule [31]"""
La Gaule Françoise (1574); Burchard est envoyé en Corse par Charlemaigne;807; Haut Moyen Âge; 807;" ""il envoya **Burchard** le Comte de son Estable en l'isle de Corse avec une flotte de navires [70]"""
La Gaule Françoise (1574); Judith jette son mari en guerre;829; Haut Moyen Âge; IXe siècle;" ""la veuve du Roy Loys surnommé le Debonnaire... nommee **Judith**... jetta son mary le Roy **Loys** & ses enfans en une tres dangereuse guerre [96, 97]"""
La Gaule Françoise (1574); Lothaire tire son père de prison;834; Haut Moyen Âge; IXe siècle;" ""**Lothaire** son fils aisné ayant fait assembler un Parlement general... tira son pere de prison [78]"""
La Gaule Françoise (1574); Charles reçoit l'épée de son père;838; Haut Moyen Âge; IXe siècle;" ""Ayant tenu assemblee generale à Carisiac, il mit la ceinture & l'espee à son fils **Charles** [74]"""
La Gaule Françoise (1574); Odon est établi roi par les François;888; Haut Moyen Âge; 888;" ""Les François, dit-il, rejettans Charles... establirent Roy sur eux **Odon** fils du Duc Robert [45]"""
La Gaule Françoise (1574); Charles le Gros demande une pension à Arnoul;890; Haut Moyen Âge; 890;" ""**Charles le Gros**... fut en brief reduit en un si povre estat... qu'il fut contraint de prier **Arnoul**... de luy assigner quelques petits gages [54]"""
La Gaule Françoise (1574); Odon tient la France Occidentale;891; Haut Moyen Âge; IXe siècle;" ""et que **Odon** tenoit la France Occìdentale [33]"""
La Gaule Françoise (1574); Arnoul gouverne la France Orientale;893; Haut Moyen Âge; IXe siècle;" ""Que l'Empereur **Arnoul** gouvernoit la France Orientale, qu'on nommoit de son temps le Royaume des Teutons [33]"""
La Gaule Françoise (1574); Charles le Simple est mis en garde;923; Haut Moyen Âge; 923;" ""**Charles** vingtseptiesme Roy de France qu'on surnomme le Simple... il fut mis en seure garde [55]"""
La Gaule Françoise (1574); Hugues demande la part de son frère Loys;923; Haut Moyen Âge; IXe siècle;" ""A celle diette vint **Hugues**, dit-il, pour demander la partion du Royaume que son frere **Loys** avoit euë [79]"""
La Gaule Françoise (1574); Raoul remplace Charles le Simple;923; Haut Moyen Âge; 923;" ""en son lieu fut pourveu d'un autre nommé **Raoul**... Charles... surnommé le Simple [55]"""
La Gaule Françoise (1574); Hugues Capet usurpe le royaume sur Charles;987; Haut Moyen Âge; 987;" ""Loys Roy de France decedé, les François voulurent transporter le Royaume à **Charles**... mais... **Hugues Capet** usurpa le Royaume [46]"""
La Gaule Françoise (1574); Anselme trahit le roi Charles;988; Haut Moyen Âge; 988;" ""parlementer avec l'Evesque de Laon nommé **Anselme**... delivrer entre ses mains la ville & le Roy **Charles** [90]"""
La Gaule Françoise (1574); Cupanes prend le trésorier de Clovis;je ne sais pas; Haut Moyen Âge; VIe siècle;" ""Le Thresorier de Clovis, fut repris par **Cupanes** Comte d'Estable qui le ramena de Bourges [67]"""
La Gaule Françoise (1574); Goudebaud tombe de son pavois;je ne sais pas; Haut Moyen Âge; VIe siècle;" ""le Roy (**Goudebaud**) fut mis sur un pavois, & elevé en haut: mais... il tomba tout de son long à terre [49]"""
La Gaule Françoise (1574); Haistolphe persécute l'Eglise;je ne sais pas; Haut Moyen Âge; VIIIe siècle;" ""l'oppression de la Saincte Eglise persecutee par **Haistolphe** Roy tres cruel, blasphemateur [66]"""
La Gaule Françoise (1574); Heribert reçoit un apanage de Dagobert;je ne sais pas; Haut Moyen Âge; VIIe siècle;" ""Le Roy Dagobert fils de Lothaire... donna à son frere **Heribert** certaines villes & villages... pour Apanage [56]"""
La Gaule Françoise (1574); Vvarnharius meurt en laissant son état;je ne sais pas; Haut Moyen Âge; VIIe siècle;" ""il les solicita de dire, s'ils vouloyent substituer quelcun en l'estat de **Vvarnharius** qui estoit decedé [75]"""
La Gaule Françoise (1574); Frideric II transporte les Allemands en Sicile;1220; Moyen Âge tardif; XIIIe siècle;" ""Que les Alemans, que l'Empereur **Frideric 2.** transporta au Royaume de **Sicile** & de Naples... s'appelloyent François [34]"""
La Gaule Françoise (1574); Jean Nigellan appelle devant les Pairs;1224; Moyen Âge tardif; 1224;" ""un certain **Jean Nigellan**, Flamand... appella de la Contesse de Flandre par deuant les **Pairs de France** [73]"""
La Gaule Françoise (1574); Ferdinand fait alliance avec Blanche;1229; Moyen Âge tardif; XIIIe siècle;" ""pour s'y maintenir, elle entreprit de se munir... de **Ferdinand** Roy d'Hespagne... la Royne **Blanche** [99]"""
La Gaule Françoise (1574); Blanche maîtrise son fils Saint Loys;1230; Moyen Âge tardif; XIIIe siècle;" ""elle maistrisoit si fort & tenoit en si grande sujection son fils (**Sainct Loys**)... sa mere **Blanche** [82]"""
La Gaule Françoise (1574); Marguerite subit l'affront de Blanche;1230; Moyen Âge tardif; XIIIe siècle;" ""La Royne **Marguerite**... sa mere **Blanche**... le prit, &... le mit hors de la chambre [83]"""
La Gaule Françoise (1574); Philippe de Bolongne est élu régent;1250; Moyen Âge tardif; XIIIe siècle;" ""les Princes ayans osté celle autorité à la Royne Blanche, eleurent le Comte **Philippe**, Regent [81]"""
La Gaule Françoise (1574); Pierre des Vignes écrit sur le droit des François;1250; Moyen Âge tardif; XIIIe siècle;" ""Comme **Pierre des Vignes**, au liv.6. des Epist. chap. 25. où il dit, usant du droit des **François** [35]"""
La Gaule Françoise (1574); Pierre Fontaine et Geoffroy Vilette vident les procès;1258; Moyen Âge tardif; XIIIe siècle;" ""il donnoit change à **Pierre Fontaine**, & à **Geoffroy Vilette** d'ouir les parties [87]"""
La Gaule Françoise (1574); Philippe le Bel ordonne les parlements;1302; Moyen Âge tardif; 1302;" ""entre les ordonnances du Roy **Philippe** quatrieme surnommé **le Bel**... pour l'expedition des causes nous avons deliberé d'ordonner qu'il se tiene deux Parlemens [88]"""
La Gaule Françoise (1574); Clement V apporte la chicanerie à Avignon;1309; Moyen Âge tardif; XIVe siècle;" ""le premier qui a esclos une si grande couvee de proces... fut le Pape **Clement V**. qui... transporta le siege Papal en **Avignon** [86]"""
La Gaule Françoise (1574); Loys Hutin fait bâtir le palais;1314; Moyen Âge tardif; 1314;" ""fut basty un Palais Royal à Paris... par le commandement, comme disent aucuns, du Roy **Loys Hutin** [80]"""
La Gaule Françoise (1574); Enguerrant de Marigny meurt au gibet;1315; Moyen Âge tardif; 1315;" ""**Enguerrant de Marigny**... fut pendu au gibet... pour avoir desrobé l'argent du Roy [80]"""
La Gaule Françoise (1574); Philippe de Valois gagne le royaume contre Edouard;1328; Moyen Âge tardif; 1328;" ""fut adjugé le Royaume de France à **Philip. de Valois**... Edouard Roy d'Angleterre... pretendoit la Couronne [58-62]"""
La Gaule Françoise (1574); Isabel administre le royaume;1385; Moyen Âge tardif; XVe siècle;" ""**Isabel**, par la grace de Dieu Royne de France: ayant l'administration & gouvernement de ce Royaume [84]"""
La Gaule Françoise (1574); Philippe de Morvilliers conseille Isabel;1420; Moyen Âge tardif; XVe siècle;" ""elle trouva tout à propos un **Philippe de Morvilliers**... par son conseil, fit faire un contre-seel [84, 85]"""
La Gaule Françoise (1574); Artus institue les Pairs;je ne sais pas; Mythologie; Antiquité;" ""l'usage en fut introduit par le Roy **Artus** de Bretaigne... choisit douze de ses principaux [71, 72]"""
La Gaule Françoise (1574); Calypso présente un royaume à Ulysses;je ne sais pas; Mythologie; Antiquité;" ""plus que toutes les delices de la Cour de **Calypso**, n'y que le Royaume qu'elle luy presentoit [3]"""
La Gaule Françoise (1574); Hercule force la hauteur des Alpes;je ne sais pas; Mythologie; Antiquité;" ""laquelle osa la premiere apres **Hercules**... forcer la hauteur infinie des **Alpes** [27]"""
La Gaule Françoise (1574); Typhon est renommé pour sa cruauté;je ne sais pas; Mythologie; Antiquité;" ""l'un en fut surnommé Cyclops, l'autre Busiris, l'autre Sciron, l'autre **Typhon** [6]"""
Le Politique (1576); Adam fait alliance avec Dieu;-4000; Antiquité biblique; Antiquité;" ""Dieu se demettant de sa Majesté... a contracté & capitulé avec son peuple par plusieurs fois? Premierement avec **Adam** [11]"""
Le Politique (1576); Noe maudit Canaam;-2347; Antiquité biblique; Antiquité;" ""Car avant que **Noe** eust maudit **Canaam**, il ne se trouve point qu'il y eust personne de serve condition [38]"""
Le Politique (1576); Abraham fait alliance avec Dieu par sacrifice;-1900; Antiquité biblique; Antiquité;" ""un four fumant & d'une lampe ardente... quand il s'allia avec **Abraham**, & sa semence [30]"""
Le Politique (1576); Sarah reçoit la promesse d'une race de rois;-1898; Antiquité biblique; Antiquité;" ""Dieu l'avoit promis en son peuple des long temps, à Abraham mesme, & que de la race de **Sarra** descendroyent des Roys [12, 13]"""
Le Politique (1576); Jacob prononce la bénédiction à Juda;-1689; Antiquité biblique; Antiquité;" ""En ce sens **Jacob** prononçant benediction à **Juda** son fils conjoint à la royauté [36]"""
Le Politique (1576); Moyse donne la loi souveraine;-1491; Antiquité biblique; Antiquité;" ""ceste Loy souveraine donnee par **Moyse** & imprimee en la nature [31]"""
Le Politique (1576); Salphaad laisse des filles pour héritières;-1452; Antiquité biblique; Antiquité;" ""Dieu... adjugea la portion de **Salphaad** mort, sans hoirs masles, aux filles qu'il avoit laissees [20]"""
Le Politique (1576); Josué contracte alliance avec les Gabaonites;-1451; Antiquité biblique; Antiquité;" ""Il est dit que **Josué** avoit contracté alliance avec les **Gabaonites** [48]"""
Le Politique (1576); Michas possède une idole dans Dan;-1406; Antiquité biblique; Antiquité;" ""idole de **Michas** comme il en est parlé au livre des luges... en **Dan** [66]"""
Le Politique (1576); Aod tue Eglon;-1336; Antiquité biblique; Antiquité;" ""executeurs extraordinaires de la justice de Dieu contre les tyrans usurpateurs, comme **Aod** envers **Eglon** [44]"""
Le Politique (1576); Samuel se montre fidèle serviteur;-1095; Antiquité biblique; Antiquité;" ""ils se mescontentoyent de **Samuel**, qui s'estoit monstré fidele serviteur de Dieu & du public [13]"""
Le Politique (1576); Samuel condamne Saul;-1079; Antiquité biblique; Antiquité;" ""S. Paul en Elimas, Item **Samuel** qui condamne **Saul**, & Nathan qui en fit de mesmes à David [44]"""
Le Politique (1576); Nathan condamne David;-1035; Antiquité biblique; Antiquité;" ""Samuel qui condamne Saul, & **Nathan** qui en fit de mesmes à **David**, leurs Roys [44]"""
Le Politique (1576); Saul massacre les Gabaonites;-1018; Antiquité biblique; Antiquité;" ""**Saul** depuis le fit massacrer sans raison: l'ire de Dieu tomba lors sur Israel [48]"""
Le Politique (1576); David et Aza montrent leur probité;-950; Antiquité biblique; Antiquité;" ""il ne se trouve que **David**, **Aza**, Josaphat, Loas, Joathan, Ezechias & Josias qui ayent tesmoignage de probité [17]"""
Le Politique (1576); Saba reçoit l'honneur de Salomon;-950; Antiquité biblique; Antiquité;" ""On void aussi l'escriture faire mention du regne de la Royne de **Saba**, que **Salomon** honnora [19]"""
Le Politique (1576); Jeroboam fuit en Egypte;-940; Antiquité biblique; Antiquité;" ""Salomon prit mal,tellement que **Jeroboam** pour crainte se sauva en **Egypte** [46]"""
Le Politique (1576); Ahias prophétise le règne de Jeroboam;-931; Antiquité biblique; Antiquité;" ""**Jeroboam** qui avoit esté esleu de Dieu pour Roy d'Israel, par la bouche de son Prophete **Ahias** [47]"""
Le Politique (1576); Roboam est élu par les douze lignées;-931; Antiquité biblique; Antiquité;" ""**Roboam** son fils fut Roy, mais estant esleu par les anciens des douze lignees [18]"""
Le Politique (1576); Semeja défend à Roboam d'entreprendre la guerre;-930; Antiquité biblique; Antiquité;" ""voulut le reconquester par armes, il luy fut defendu au nom de Dieu par **Semeja** le Prophete [47]"""
Le Politique (1576); Baasa extermina la maison de Jeroboam;-909; Antiquité biblique; Antiquité;" ""comme **Baasa** qui extermina la maison de **Jeroboam**, & Jehu qui en fit autant [45]"""
Le Politique (1576); Achab injurie le prophète;-860; Antiquité biblique; Antiquité;" ""**Achab** l'injuria du nom de perturbateur d'Israel [43]"""
Le Politique (1576); Elie tue les sacrificateurs de Baal;-860; Antiquité biblique; Antiquité;" ""**Elie** tua les cinquantaines d'Ochosins & les sacrificateurs de **Baal** [43]"""
Le Politique (1576); Naboth refuse de céder sa vigne;-860; Antiquité biblique; Antiquité;" ""Voyla pourquoy **Naboth** refusoit ce qui luy fut tyranniquement ravi [26]"""
Le Politique (1576); Jehu extermine la race d'Achab;-841; Antiquité biblique; Antiquité;" ""Baasa qui extermina la maison de Jeroboam, & **Jehu** qui en fit autant à toute la race d'**Achab** [45]"""
Le Politique (1576); Iojada agit contre Athalia;-835; Antiquité biblique; Antiquité;" ""**Iojada** envers **Athalia**, S. Pierre en Ananias & Saphira [44]"""
Le Politique (1576); Sophonias voit les Princes comme des lyons;-625; Antiquité biblique; Antiquité;" ""Dieu (dit **Sophonias**) ayant veu les Princes comme lyons [67]"""
Le Politique (1576); Pierre agit contre Ananias et Saphira;33; Antiquité biblique; Ier siècle;" ""Iojada envers Athalia, **S. Pierre** en **Ananias** & **Saphira** [44]"""
Le Politique (1576); Candace règne sur les Éthiopiens;35; Antiquité biblique; Ier siècle;" ""regne de la Royne de Saba... & de **Candace** Royne des **Ethiopiens**, sous laquelle estoit l'Eunuque [19]"""
Le Politique (1576); Matthieu et Luc décrivent la généalogie de Christ;75; Antiquité biblique; Ier siècle;" "" Jesus Christ... comme le recite sainct **Matthieu**. Mais sainct **Luc** monstre que quant à la succession naturelle, il est descendu de Nathan [18]"""
Le Politique (1576); Lycurgus subit l'outrage;-800; Antiquité classique; Antiquité;" ""Socrates empoisonné, **Lycurgus** outragé, & Solon relegué en Cypre [5]"""
Le Politique (1576); Theopompus crée les Éphores à Lacedemone;-754; Antiquité classique; Antiquité;" ""quand **Theopompus** roy de **Lacedemone** les crea, sa femme luy remonstra qu'il laissoit trop peu d'authorité [8]"""
Le Politique (1576); Solon parle au banquet des sept sages;-594; Antiquité classique; VIe siècle av. J.-C.;" ""Plutarque au banquet des **sept sages** recite que **Solon** parlant à son tour dit [8, 28]"""
Le Politique (1576); Solon subit la relégation en Cypre;-594; Antiquité classique; VIe siècle av. J.-C.;" ""Socrates empoisonné, Lycurgus outragé, & **Solon** relegué en **Cypre** [5]"""
Le Politique (1576); Cyrus reçoit le conseil de Cresus;-546; Antiquité classique; VIe siècle av. J.-C.;" ""à l'exemple de **Cyrus**, lequel conseillé par **Cresus** de thesauriser [23]"""
Le Politique (1576); Pythagoras enseigne de suivre la justice;-540; Antiquité classique; VIe siècle av. J.-C.;" ""Mais **Pythagoras** en ses enseignemens enigmatiques... disant aux roys ne passe point le poids [33]"""
Le Politique (1576); Cambyses donne des enseignements à Cyrus;-530; Antiquité classique; VIe siècle av. J.-C.;" ""Car comme dit Xenophon aux enseignemens de **Cambyses** à **Cyrus**, le Prince est pour le bien de tous [15, 16]"""
Le Politique (1576); Datis combat les Athéniens à Marathon;-490; Antiquité classique; 490 av. J.-C.;" ""quand **Datis** lieutenant de Daire eust vaincu... combatre les **Atheniens** à **Marathon** [25]"""
Le Politique (1576); Socrates subit l'empoisonnement;-399; Antiquité classique; IVe siècle av. J.-C.;" ""**Socrates** empoisonné, Lycurgus outragé, & Solon relegué en Cypre [5]"""
Le Politique (1576); Camille subit l'expulsion;-396; Antiquité classique; IVe siècle av. J.-C.;" ""Cela est bien advenu à Metellus, qui fut banny, à Annibal & **Camille** qui furent chassez [5]"""
Le Politique (1576); Platon compare les Perses et les Athéniens;-380; Antiquité classique; IVe siècle av. J.-C.;" ""**Platon** au 3. livre des loix confere... Monarchie des **Perses**, & Democratie des **Atheniens** [24]"""
Le Politique (1576); Aristote définit le royaume;-350; Antiquité classique; Antiquité;" ""**Aristote** au troisiesme livre de ses Politiques dit, que le Royaume est la puissance d'un qui regit & modere une Republique [14]"""
Le Politique (1576); Demandes prévient les Athéniens sur la paix;-338; Antiquité classique; Antiquité;" ""l'on pratique le dire de **Demandes** orateur **Athenien**, qui est, qu'on ne feroit jamais la paix, qu'en robbes noires [10]"""
Le Politique (1576); Olympias sollicite Alexandre pour une vengeance;-336; Antiquité classique; IVe siècle av. J.-C.;" ""estant sollicité par **Olympias** sa meschante mere, de faire mourir quelqu'un [64]"""
Le Politique (1576); Berosus de Chaldee mentionne les géants;-280; Antiquité classique; Antiquité;" ""avant le deluge il y en eust qui fussent violentement asservis... **Berosus** de **Chaldee** [38]"""
Le Politique (1576); Petellins et Sagontins choisissent le péril de la mort;-216; Antiquité classique; Antiquité;" ""les **Petellins** er Calabre, & les **Sagontins** en Espagne, esleurent plustos je peril de la mort [55]"""
Le Politique (1576); Annibal subit l'expulsion;-195; Antiquité classique; IIe siècle av. J.-C.;" ""Cela est bien advenu à Metellus, qui fut banny, à **Annibal** & Camille qui furent chassez [5]"""
Le Politique (1576); Menedemus apparaît dans la comédie de Terence;-163; Antiquité classique; IIe siècle av. J.-C.;" ""**Terence** en sa troissesme Comedie proposant le viellard **Menedemus** [63]"""
Le Politique (1576); Polybe témoigne sur les transgressions;-150; Antiquité classique; IIe siècle av. J.-C.;" ""ces deux, sont les transgressions... par le tesmoignage de **Polybe** en son 6. livres [22]"""
Le Politique (1576); Servius Galba tue le peuple de trois villes;-150; Antiquité classique; Ier siècle av. J.-C.;" ""notable meschanceté d'un **Servius Galba**, qui convoqua le peuple de trois villes [54, 55]"""
Le Politique (1576); Metellus subit le bannissement;-100; Antiquité classique; IIe siècle av. J.-C.;" ""Cela est bien advenu à **Metellus**, qui fut banny, à Annibal & Camille qui furent chassez [5]"""
Le Politique (1576); Ciceron traite de la loi de justice;-52; Antiquité classique; Ier siècle av. J.-C.;" ""je vous diray donc ce que dit **Ciceron** aux Philipiques, que la chose est seulement permise [32]"""
Le Politique (1576); Denis Halicarnassien écrit sur la servitude;-7; Antiquité classique; Ier siècle av. J.-C.;" ""Mais comme dit **Denis Halicarnassien** escrivant à Serue, tels serfs ne different pas [38, 39]"""
Le Politique (1576); Senecque écrit sur la clémence à Neron;55; Antiquité classique; Ier siècle;" ""**Senecque** en son premier livre de Clemence, escrivant à **Neron** dit, que le Prince est comme l'esprit vital [14]"""
Le Politique (1576); Neron subit la condamnation par les puissances;68; Antiquité classique; Ier siècle;" ""empescha pas que **Neron** par l'authorité des puissances inferieures, ne fust condamné d'avoir une fourche [27]"""
Le Politique (1576); Trajan commande d'employer le glaive contre lui;100; Antiquité classique; IIe siècle;" ""comme il est dit de **Trajan**... qu'il commandoit... que s'il vouloit faire injustice qu'ils l'employassent contre luy [29]"""
Le Politique (1576); Antonin le débonnaire aime garder un citoyen;150; Antiquité classique; IIe siècle;" ""dire de cest Empereur **Antonin** le debonnaire, qu'il aimoit mieux garder un citoyen [64]"""
Le Politique (1576); Appian Alexandrin écrit sur la Monarchie Romaine;150; Antiquité classique; IIe siècle;" ""**Appian Alexandrin** dit qu'elle vint de là, & que la Republique estant convertie en Empire [65]"""
Le Politique (1576); Ulpian définit le nom de droit;223; Antiquité classique; IIIe siècle;" ""Et pourtant **Ulpian** jurisconsulte tient que de justice est pris le nom Jus qui est à dire droit [35]"""
Le Politique (1576); Maxence subit la requête des Chrétiens;311; Antiquité classique; IVe siècle;" ""vexez par ce mesme tyran (**Maxence**) en ses pays, requirent Constantin de les venir secourir [56]"""
Le Politique (1576); Constantin et Licinius font un décret sur l'équité;313; Antiquité classique; IVe siècle;" ""ce decret fait par **Constantin** & **Licinius** son associé... raison de justice & equité [37]"""
Le Politique (1576); Macaire et Lactance Firmian vivent sous Constantin;321; Antiquité classique; IVe siècle;" ""vivoyent **Macaire**, evesque de Jerusalem, le docteur **Lactance Firmian** [57]"""
Le Politique (1576); Paphuntius et Spiridion vivent sous Constantin;325; Antiquité classique; IVe siècle;" ""**Paphuntius**, eues que de Thebes en Egypte, **Spiridion** evesque en Cypre [57]"""
Le Politique (1576); Athanase vit sous Constantin;331; Antiquité classique; IVe siècle;" ""**Athanase** le grand evesque d'Alexandrie, lesquels on ne trouve avoir jamais presché [58]"""
Le Politique (1576); Sapores subit la révolte des Armeniens;337; Antiquité classique; IVe siècle;" ""les **Armeniens**, avec l'aide des armes Romaines secouerent le joug de **Sapores** [59]"""
Le Politique (1576); Denis à Siracuse prend l'avancement par calomnie;-343; Antiquité classique; IVe siècle av. J.-C.;" ""le peuple contre les nobles, & par calomnie ont pris avancement, comme **Denis** à **Siracuse** [21]"""
Le Politique (1576); Justine calomnie Ambroise vers l'Empereur;386; Antiquité classique; IVe siècle;" ""**Justine** mere de Valentinian... elle le calomnia vers l'Empereur son fils... S. **Ambroise** [60]"""
Le Politique (1576); Cyrille et Ambroise vivent sous Theodose;390; Antiquité classique; Ve siècle;" ""ne se trouve point que S. **Cyrille** evesque d'Alexandrie, S. **Ambroise** Evesque de Milan [58]"""
Le Politique (1576); Atticus suggère de garantir la persécution;408; Antiquité classique; Ve siècle;" ""garentir de persecution... à la suggestion & requeste d'**Atticus** Evesque de Constantinople [58]"""
Le Politique (1576); Abdas fait rompre un temple du feu;420; Antiquité classique; Ve siècle;" ""Evesque Chrestien, nommé **Abdas** Persan, lequel fit rompre un temple du feu sacré [61]"""
Le Politique (1576); Augustin réfute l'autorité tyrannique;420; Antiquité classique; Ve siècle;" ""sainct **Augustin** au 19. liv. de la cité de Dieu... le refute, monstrant que tels appellent droit, ce qui peut estre dit tort [26]"""
Le Politique (1576); Varanes tourmente les Chrétiens en Perse;421; Antiquité classique; Ve siècle;" ""Chrestiens residens en Perse estans tourmentez par **Varanes** leur Roy [58]"""
Le Politique (1576); Theodorie tourmente les Chrétiens;526; Antiquité classique; VIe siècle;" ""**Theodorie** Roy des Ostrogots, qui estoit Arrien, commença par despit à tourmenter les Chrestiens [40, 41]"""
Le Politique (1576); Justinian commande que son décret soit équitable;530; Antiquité classique; VIe siècle;" ""**Justinian** commande que le decret qui proviendra de luy ne soit point receu, s'il n'est selon equité [29]"""
Le Politique (1576); Isocrates donne des préceptes à Nicocles;-374; Antiquité classique; IVe siècle av. J.-C.;" ""suyvant le precepte d'**Isocrates** à **Nicocles**, fait quant à la remuneration ses sujets [6]"""
Le Politique (1576); Diotogene interprète l'énigme de la loi;je ne sais pas; Antiquité classique; Antiquité;" ""Un sien disciple nommé **Diotogene**, est comme interprette de cest enigme [34]"""
Le Politique (1576); Isdigerdes persécute les églises de ses pays;420; Antiquité classique; Ve siècle;" ""dont par despit **Isdigerdes** se mit à persecuter toutes les eglises de ses pays [62]"""
Le Politique (1576); Christienne subit la déposition du Dannemarch;1533; Contemporain à l'auteur; 1533;" ""**Christienne** Roy de **Dannemarch**... fut depossedé de l'un & l'autre Royaume [52]"""
Le Politique (1576); Marie Royne d'Escosse subit la prison;1568; Contemporain à l'auteur; XVIe siècle;" ""**Marie** Royne d'**Escosse** estaut chargée de la mort de son mari a esté constituee prisonniere [53]"""
Le Politique (1576); Paul Emile recite l'histoire de Justin;1569; Contemporain à l'auteur; 1569;" ""**Paul Emile**, au premier livre de son histoire, recite, qu'un Empereur **Justin** chassa tous les Arriens [40]"""
Le Politique (1576); Justin viole la foi jurée aux Bulgarois;708; Haut Moyen Âge; 192;" ""**Justin** second fils de Constantin... pour avoir violé la foy solennellement juree aux **Bulgarois** [49]"""
Le Politique (1576); Pelagius et Gregoire vivent sous Justin;579; Haut Moyen Âge; VIe siècle;" ""De ce temps la vivoit **Pelagius** Evesque de Rome, & le grand **Gregoire** [59]"""
Le Politique (1576); Clotaire second fait mourir Brunechilde;613; Haut Moyen Âge; VIIe siècle;" ""**Clotaire** second du nom, Roy de France... fit mourir **Brunechilde** sa tante [51]"""
Le Politique (1576); Heracleonas est fait Empereur;641; Haut Moyen Âge; 641;" ""**Martine** pretendoit par là de faire regner apres elle **Heracleonas** [9]"""
Le Politique (1576); Martine subit la coupe de la langue par le Sénat;641; Haut Moyen Âge; 641;" ""L'Imperatrix **Martine**... Elle fut condamnee par le **Senat** à avoir langue coupee [9]"""
Le Politique (1576); Pyrrhus subit la mort pour son conseil;641; Haut Moyen Âge; 641;" ""& **Pyrrhus** Evesque, qui avoit donné le conseil & les moyens de ce faire, mis à mort [49]"""
Le Politique (1576); Theodoric subit la déposition et devient moine;670; Haut Moyen Âge; VIIe siècle;" ""**Theodoric** Roy de France, fils de Clovis fut fait moine, pour ce qu'il ne valoit rien [50]"""
Le Politique (1576); Irene conspire contre la liberté de l'Orient;801; Haut Moyen Âge; 801;" ""**Irene** Imperatrix & putain... pour avoir conspiré contre la liberté de l'Empire d'Orient [49]"""
Le Politique (1576); Boson subit l'alliance des Autunois avec Louys;879; Haut Moyen Âge; IXe siècle;" ""**Boson** roy de Bourgogne... ceux d**Autun**... s'allierent de **Louys** & Carloman [53]"""
Le Politique (1576); Charles le gros subit la déposition;880; Haut Moyen Âge; 880;" ""**Charles le gros**, fils de Louys Roy de Germanie... fut deposé pour sa nonchalance [50]"""
Le Politique (1576); Ordonius fait mourir quatre Comtes;889; Haut Moyen Âge; 889;" ""**Ordonius** fils d'**Alphonse** troisiesme, Roy de Castille... les fit mourir [51]"""
Le Politique (1576); Sombelaus subit la déposition du Royaume;1245; Moyen Âge tardif; 1245;" ""**Sombelaus** Roy de cades Bohesme... pour avoir voulu usurper choses indeues fut deposé [52]"""
Le Politique (1576); Birguis tue ses deux frères;1315; Moyen Âge tardif; 1315;" ""**Birguis** Roy de Suede... covia ses deux freres a un festin, & les tua tous deux [53]"""
Le Politique (1576); Barthole définit le rebelle;1350; Moyen Âge tardif; XIVe siècle;" ""Item selon **Barthole**, le rebelle est celuy qui se veut soustraite de l'obeissance [42]"""
Le Politique (1576); Sigismond subit la déposition pour sa cruauté;1388; Moyen Âge tardif; 1388;" ""**Sigismond** Roy de Hongrie... pour avoir esté cruel & mauvais administrateur, fut deposé [7]"""
Le Politique (1576); Richard second subit la déposition par son peuple;1399; Moyen Âge tardif; XIVe siècle;" ""**Richard** second Roy d'Angleterre fut deposé & puni par son peuple [7]"""
Le Politique (1576); VVenceslaus subit la déposition pour sa lacheté;1400; Moyen Âge tardif; XVe siècle;" ""**VVenceslaus** Empereur, fils de l'Empereur Charles quatriesme, pour avoir esté lasche [50]"""
Le Politique (1576); Boleslaus tue l'Evesque de Cracovie;1501; Moyen Âge tardif; 1501;" ""**Boleslaus** Roy de Pologne... estant repris par l'Evesque de **Cracovie**, il le tua par despit [7]"""
Le Réveille-matin (1574); Cain tue Abel par trahison;-3875; Antiquité biblique; Antiquité;" ""le massacre le plus barbare... dés que Cain en trahison tua son frere Abel le juste"""
Le Réveille-matin (1574); Noé sauve l'Église du déluge;-2348; Antiquité biblique; Antiquité;" ""apres avoir mesprisé... les admonitions de ce bon patriarche Noé, fut submergé"""
Le Réveille-matin (1574); Sages femmes désobéissent à Pharao;-1571; Antiquité biblique; Antiquité;" ""L'edict de Pharao... Les sages femmes n'y obeissent point: elles en sont louees"""
Le Réveille-matin (1574); Josué tue trente et un rois;-1451; Antiquité biblique; Antiquité;" ""Josué, ayant sans aucune humanité tué trente un Roy, est loué"""
Le Réveille-matin (1574); David règne sur la maison d'Isaï;-1010; Antiquité biblique; Antiquité;" ""comme les vieux Israelites à la maison de Isai pour David, Salomon, Josias & semblables autres bons Roys qu'ils ont receu"""
Le Réveille-matin (1574); Salomon est un bon roi pour Israël;-951; Antiquité biblique; Antiquité;" ""les vieux Israelites à la maison de Isai pour David, Salomon, Josias & semblables autres bons Roys qu'ils ont receu"""
Le Réveille-matin (1574); Achab est trompé par un esprit de mensonge;-860; Antiquité biblique; Antiquité;" ""au lieu d'un diable qu'il employa quand il voulut tromper Achab, n'ait employé ces deux que scavez, Monluc l'évesque & Lansac"""
Le Réveille-matin (1574); Lobna se retire de Joram le corrompu;-848; Antiquité biblique; Antiquité;" ""Lobna ville sacerdotale en Juda voyant cela, se retira de luy (Joram) pour ne plus estre sous la main"""
Le Réveille-matin (1574); Jehu détruit la race d'Achab et Jezabel;-841; Antiquité biblique; Antiquité;" ""Qu' Achab & Jezabel sa semme... furent destruits, eux & toute leur race, par Jehu"""
Le Réveille-matin (1574); Ozias est frappé de lèpre par le Seigneur;-750; Antiquité biblique; Antiquité;" ""Le roy Ozias ayant voulu usurper l'office de Sacrificateur... fut frappé de lepre"""
Le Réveille-matin (1574); Sennacherib est poursuivi par l'Ange;-701; Antiquité biblique; Antiquité;" ""Envoye ton Ange Seigneur, l'Ange que tu envoyas contre ce Sennacherib"""
Le Réveille-matin (1574); Josias est un bon roi pour Israël;-625; Antiquité biblique; Antiquité;" ""les vieux Israelites à la maison de Isai pour David, Salomon, Josias & semblables autres bons Roys qu'ils ont receu"""
Le Réveille-matin (1574); Daniel démasque les vieillards de Susanne;-600; Antiquité biblique; Antiquité;" ""perissent parmi les faux vieillards de Susanne. Suscite ton Daniel, Seigneur"""
Le Réveille-matin (1574); Nabuchodonosor paît l'herbe comme les bœufs;-570; Antiquité biblique; Antiquité;" ""image de ce grand Nabuchodonosor... Qu'on le paisse d'herbe comme les bœufs"""
Le Réveille-matin (1574); Judith décapite Holoferne pour la délivrance;-450; Antiquité biblique; Antiquité;" ""ou suscite une Judith contre cest Holoferne, pour la delivrance de ta Bethulie"""
Le Réveille-matin (1574); Jésus fuit en Égypte pour eschapper à Hérode;-4; Antiquité biblique; Ier siècle;" ""ton Fils unique (Jésus)... fuyant de nuict... pour eschapper les mains d'Herode"""
Le Réveille-matin (1574); Saint Pierre pleure son reniement;30; Antiquité biblique; Ier siècle;" ""touche leur le cœur comme tu fis à Pierre te reniant"""
Le Réveille-matin (1574); Gamaliel conseille de laisser les Apostres en paix;35; Antiquité biblique; Ier siècle;" ""le Conseil vaut mieux, que Gamaliel donna jadis, lors qu'on pousuivoit les Apostres: c'est de laisser ces gens en paix"""
Le Réveille-matin (1574); Numa légifère pour les Romains;-694; Antiquité classique; Antiquité;" ""ou comme aux Sabins les Romains, pour Numa leur legislateur, Les Spartains aux deux familles des Agiades"""
Le Réveille-matin (1574); Cambyses fait écorcher un juge inique;-525; Antiquité classique; VIe siècle av. J.-C.;" ""le fils de ce juge inique, que Cambyses fit escorcher pour orner le siege judicial"""
Le Réveille-matin (1574); Brutus fait mourir ses propres enfans;-509; Antiquité classique; VIe siècle av. J.-C.;" ""jusques à la que Brutus fit mourir ses propres enfans"""
Le Réveille-matin (1574); Aristides juge le conseil de Themistocles injuste;-479; Antiquité classique; Ve siècle av. J.-C.;" ""Ils esleurent... Aristides le plus juste, auquel apres qu'il leur eut rapporté que le conseil de Themistocles estoit... tres-injuste"""
Le Réveille-matin (1574); Themistocles est reçu par le roy des Perses;-465; Antiquité classique; Ve siècle av. J.-C.;" ""Themistocles fut receu par le roi des Perses... jamais ne voulut violer l'Azyle"""
Le Réveille-matin (1574); Lysandre tue huit cents Milesiens;-405; Antiquité classique; IVe siècle av. J.-C.;" ""Lysandre colonel des Lacedemoniens, ayant sous couleur d'amitié, fait venir à foy huict cens Milesiens, les fit tous tailler"""
Le Réveille-matin (1574); Pausanias est châtié par les Ephores;-395; Antiquité classique; Ve siècle av. J.-C.;" ""A ceux-cy estoit loisible de condamner & chastier les Rois... comme tu scay qu'il avint à Pausanias"""
Le Réveille-matin (1574); Manlius Capitolinus est jeté du haut du Capitole;-384; Antiquité classique; IVe siècle av. J.-C.;" ""ne laisserent pas pourtant de le condamner & jetter apres du haut en bas du mesme Capitole... ce seul Manlius Capitolinus"""
Le Réveille-matin (1574); Philippe de Macedoine meurt par un sujet;-336; Antiquité classique; IVe siècle av. J.-C.;" ""L'exemple de la mort de Philippe, pere d'Alexandre, suffira pour tous"""
Le Réveille-matin (1574); Cleomenes conspire contre Ptolomee;-219; Antiquité classique; IIIe siècle av. J.-C.;" ""Cleomenes roy de Sparte receu à refuge par Ptolomee... ayant apres conspiré contre luy"""
Le Réveille-matin (1574); Galbe vend les peuples de trois cités;-56; Antiquité classique; Ier siècle av. J.-C.;" ""Servie Galbe, ayant convoqué & assemblé le peuple de trois citez de Portugal... l'autre partie vendit"""
Le Réveille-matin (1574); Commode tue son favori Julian;183; Antiquité classique; IIe siècle;" ""Antonin Commode... entre les autres, Julian gouuerneur d'une province, qui estoit son plus favorit... fut par luy traitreusement tué"""
Le Réveille-matin (1574); Caracalla massacre la jeunesse d'Alexandrie;215; Antiquité classique; IIIe siècle;" ""Antonin Caracalle, estant arrivé en Alexandrie... fit semblant de vouloir voir la monstre des jeunes gens... les fit tous mettre en pieces"""
Le Réveille-matin (1574); Constantin range par armes Licinius;324; Antiquité classique; IVe siècle;" ""Constantin sert de bon exemple qui rengea par armes Licinius à laisser en paix les chrestiens"""
Le Réveille-matin (1574); Prince de Scythie enseigne l'union par des baguettes;je ne sais pas; Antiquité classique; Antiquité;" ""l'histoire de ce bon vieux Prince de Scythie... leur commanda de rompre... un fagot de chenevotes"""
Le Réveille-matin (1574); Quintus Fabius marche sous les ordres de son frère;je ne sais pas; Antiquité classique; IVe siècle av. J.-C.;" ""Quintus Fabius ayant esté Consul marcha gayement sous son frere Mareus Fabius"""
Le Réveille-matin (1574); Trysus est mis en pièces par son peuple;je ne sais pas; Antiquité classique; Antiquité;" ""ce qui avint à Trysus ce tyran insigne... peuple ne se pouvant plus contenir... mit le tyran infame en mille pieces"""
Le Réveille-matin (1574); Machiauelli conseille de tenir les sujets désunis;1513; Contemporain à l'auteur; XVIe siècle;" ""que partant l'opinion de Machiauelli (que le çonseil du Roy sembloit suyvre, tenant ses sujets desunis) estoit une pernicieuse heresie"""
Le Réveille-matin (1574); Luther et Bucer manifestent la lumière;1529; Contemporain à l'auteur; XVIe siècle;" ""La lumiere de l'Evangile commençant par la voix & les escrits de Luther, Bucer, Zvingle, Ecolampade"""
Le Réveille-matin (1574); François premier combat les luthériens;1540; Contemporain à l'auteur; XVIe siècle;" ""aussi en France par le moyen de François premier s'y opposa fort & ferme pour en empescher le cours"""
Le Réveille-matin (1574); Merindol subit l'arrêt du Parlement;1540; Contemporain à l'auteur; 1540;" ""Ceux de Merindol en Provence furent par arrest du parlement de Provence en l'an 1540. condemnez comme Lutheriens"""
Le Réveille-matin (1574); Opede poursuit les gens de Cabrieres;1545; Contemporain à l'auteur; 1545;" ""ceux des Cabrieres surent poursuyvis à feu & à sang par le seigneur d'Opede premier president"""
Le Réveille-matin (1574); Poulain aide au massacre en Provence;1545; Contemporain à l'auteur; 1545;" ""le seigneur d'Opede premier president... assisté du Capitaine Poulain qu'on appelle le Baron de la garde"""
Le Réveille-matin (1574); Henry second succède à la couronne;1547; Contemporain à l'auteur; 1547;" ""François premier decedé la mesme poursuyte fut faite sous Henry second, qui luy succeda à la couronne"""
Le Réveille-matin (1574); Charles le quint s'oppose à la doctrine;1550; Contemporain à l'auteur; XVIe siècle;" ""Le Pape (tout ainsi qu'en Alemagne par ses menees, & par les armees & moyens de Charles le quint, aussi en France)"""
Le Réveille-matin (1574); Pape tolère les Juifs à Rome;1555; Contemporain à l'auteur; XVIe siècle;" ""vous scavez comme c'est qu'il souffre les Juifs, avec leurs synagogues en toutes terres, & pays qui sont de son obeissance"""
Le Réveille-matin (1574); Anne du Bourg souffre la mort par le feu;1559; Contemporain à l'auteur; 1559;" ""de voir brusler A. du Bourg l'un de ses conseilliers au parlement de Paris: au milieu des mariages"""
Le Réveille-matin (1574); Mongomery blesse le roi Henry;1559; Contemporain à l'auteur; 1559;" ""estant blessé en l'œil d'un coup de lance, que le seigneur de Mongomery luy donna... le Roy Henry mourut"""
Le Réveille-matin (1574); Savoye protège les pasteurs de sa terre;1559; Contemporain à l'auteur; XVIe siècle;" ""L'exemple aussi de monseigneur de Savoye... comme il le faict en ses troys bailliages de Tonon, de Ges, & Terny"""
Le Réveille-matin (1574); Antoine de Bourbon convoite la Sardaigne;1560; Contemporain à l'auteur; XVIe siècle;" ""atirerent à eux Antoine de Bourbon, luy promettans de luy faire rendre par le Roy d'Espagne le royaume de Navarre"""
Le Réveille-matin (1574); Belieure accuse le prince de Condé;1560; Contemporain à l'auteur; XVIe siècle;" ""l'ambassadeur du Roy vers les Suysses, monsieur Belieure, leur donnoit à entendre, que le prince de Condé vouloit faire tuer le Roy"""
Le Réveille-matin (1574); Catherine de Médicis entretient la discorde;1560; Contemporain à l'auteur; XVIe siècle;" ""la Royne mere (Catherine) se doutant... usa de se moyen de desunion, prestant sa conscience & authorité aux deux partis"""
Le Réveille-matin (1574); Condé présente la supplication à Amboise;1560; Contemporain à l'auteur; 1560;" ""Loys de Bourbon prince de Condé, s'estoit chargé de les presenter au Roy, qui pour lors estoit à Amboise"""
Le Réveille-matin (1574); François second laisse le gouvernement à Lorraine;1560; Contemporain à l'auteur; 1560;" ""le mesme feu contuinua souz François second... tout le gouvernement tomba aussi tost entre les mains de messieurs de Lorraine"""
Le Réveille-matin (1574); Marchant Luquois trompe le Cardinal de Lorraine;1560; Contemporain à l'auteur; 1560;" ""rencontra un jeune marchant Luquoys catholique qui s'en alloit en cour... pour faire un scorne à monsieur le Cardinal de Lorraine"""
Le Réveille-matin (1574); Saint André reçoit les biens des luthériens;1560; Contemporain à l'auteur; XVIe siècle;" ""confisquez & donnez à la duchesse de Valentinois, an Mareschal sainct André, ou à d'autres semblables courtizans"""
Le Réveille-matin (1574); Dandelot est accusé d'être luthérien;1562; Contemporain à l'auteur; XVIe siècle;" ""Le seigneur Dandelot neveu du Connestable & Colonel de l'infanterie Françoise fut accusé au Roy Henry"""
Le Réveille-matin (1574); Guyse massacre les Huguenots à Vassy;1562; Contemporain à l'auteur; 1562;" ""le duc de Guyse commença à faire preuve de leur dessein sur les Huguenots de Vassy"""
Le Réveille-matin (1574); Valentinois reçoit les biens confisqués;1564; Contemporain à l'auteur; XVIe siècle;" ""leurs biens, qui pour ce regard estoyent confisquez & donnez à la duchesse de Valentinois"""
Le Réveille-matin (1574); Duc d'Albe confère à Bayonne;1565; Contemporain à l'auteur; 1565;" ""un parlement avec le duc d'Albe à Bayonne, où elle fut avec le Roy"""
Le Réveille-matin (1574); Jeanne d'Albret engage ses joyaux;1569; Contemporain à l'auteur; 1569;" ""Jeanne d'Albret royne de Navarre... avec ses bagues & joyaux, lesquels depuis furent engagez pour aider aux fraix"""
Le Réveille-matin (1574); Ludouic de Nassau vient en France;1569; Contemporain à l'auteur; 1569;" ""s'achemina en France, & avec luy le prince d'Orenge, le compte Ludouic son frere, le comte de Mansfeld"""
Le Réveille-matin (1574); Montesquiou tue le prince de Condé;1569; Contemporain à l'auteur; 1569;" ""le prince de Condé... peu apres par commandement du duc d'Anjou tué, à sang froid, par un nommé Montesquiou"""
Le Réveille-matin (1574); Mont-revel tue le seigneur de Mouy;1569; Contemporain à l'auteur; 1569;" ""c'estoit Mont-revel de Brie, celuy qui aux guerres passees tua en trahison le seigneur de Mouy"""
Le Réveille-matin (1574); Amiral meurt assassiné à Paris;1572; Contemporain à l'auteur; 1572;" ""environ le temps des massacres de Paris pour avoir l'avis du deffunct Seigneur Amiral, l'un des parens de la France"""
Le Réveille-matin (1574); Angolesme se pourmène dans un coche;1572; Contemporain à l'auteur; 1572;" ""Ce jour la Monsieur frere du Roy, & le cheualier d'Angoulesme, se pourmenoyent dans un coche par la ville de Paris"""
Le Réveille-matin (1574); Besme tue l'Amiral dans sa chambre;1572; Contemporain à l'auteur; 1572;" ""un nommé le Besme Alleman, serviteur domestique du duc de Guyse... estoit entré dans sa chambre, le tua"""
Le Réveille-matin (1574); Biron négocie vers la Royne de Navarre;1572; Contemporain à l'auteur; 1572;" ""Le seigneur de Biron fut envoyé plusieurs fois vers la Royne de Navarre, les Princes, & l'Amiral"""
Le Réveille-matin (1574); Briquemaut sollicite la justice du roi;1572; Contemporain à l'auteur; 1572;" ""Briquemaut le pere (ancien seruiteur du Roy)... Teligny gendre de l'Admiral... pour faire entendre à sa majesté les torts"""
Le Réveille-matin (1574); Bussy d'Amboyse tue le marquis de Renel;1572; Contemporain à l'auteur; 1572;" ""Le marquis de Renel fut chassé... fut tué par Bussy d'Amboyse son cousin"""
Le Réveille-matin (1574); Catherine veut voir le corps de Soubize;1572; Contemporain à l'auteur; 1572;" ""la Royne-mere (Catherine) voulut voir le seigneur de Soubize, pour scavoir à quoy il tenoit"""
Le Réveille-matin (1574); Cavagnes reçoit l'estat de Maistre des requestes;1572; Contemporain à l'auteur; 1572;" ""le Roy... donna un estat de Maistre des requestes de son hostel, au seigneur de Cavagnes"""
Le Réveille-matin (1574); Chailly mène l'arquebusier dans le logis;1572; Contemporain à l'auteur; 1572;" ""le seigneur de Chailly... le jour auparavant avoit mené l'arquebouzier dans le logis"""
Le Réveille-matin (1574); Genlis est défait avec ses gens;1572; Contemporain à l'auteur; 1572;" ""combien que monsieur de Genlis & ses gens qu'il leur menoit eussent esté deffaits"""
Le Réveille-matin (1574); Guerchy assiste à la blessure de l'Amiral;1572; Contemporain à l'auteur; 1572;" ""Lors qu'il fut blessé, le seigneur de Guerchy estoit à son costé droit"""
Le Réveille-matin (1574); Lignerolles meurt assassiné à Bloys;1572; Contemporain à l'auteur; 1572;" ""Lignerolles fut tué à Bloys la cour y estant... par le sang quelqu'un en avoit j parlé"""
Le Réveille-matin (1574); Maison de Valoys commet des massacres;1572; Contemporain à l'auteur; 1572;" ""vous despouillastes tout aussi tost l'opinion bonne que vous aviez de la maison de Valoys, pour en vestir une tres veritable, la recognoissans pour la plus traistresse"""
Le Réveille-matin (1574); Mandelot emprisonne les Huguenots à Lyon;1572; Contemporain à l'auteur; 1572;" ""Quelques gouverneurs moins cruels, comme Mandelot à Lion, & Carrouges à Rouen"""
Le Réveille-matin (1574); Nancé reçoit le commandement de saisir Chailly;1572; Contemporain à l'auteur; 1572;" ""Le Roy en ces entrefaites commanda à Nancé, l'un des capitaines de ses gardes, d'aller saisir Chailly"""
Le Réveille-matin (1574); Nicolas le Trucheman monte sur le toict;1572; Contemporain à l'auteur; 1572;" ""commanda à un sien valet de chambre (qu'on nommoit Nicolas le Trucheman) de monter sur le toict du logis"""
Le Réveille-matin (1574); Pardillan est tué en présence du roi;1572; Contemporain à l'auteur; 1572;" ""Entre ceux là estoyent le baron de Pardillan, le capitaine Pilles... furent tuez en sa presence"""
Le Réveille-matin (1574); Pezou Bouchier jette les Huguenots dans l'eau;1572; Contemporain à l'auteur; 1572;" ""le Roy... ayant fait venir à soy Pezou Bouchier... luy demanda, s'il y avoit encores dans la ville quelques Huguenots"""
Le Réveille-matin (1574); Pierre Ramus meurt massacré à Paris;1572; Contemporain à l'auteur; 1572;" ""autant en fut fait à Pierre Ramus, lecteur publique du Roy"""
Le Réveille-matin (1574); Pilles annonce la blessure au roi;1572; Contemporain à l'auteur; 1572;" ""priant le capitaine Pilles, qui survint là, avec le capitaine Monins, d'aller dire au Roy ce qui luy estoit advenu"""
Le Réveille-matin (1574); Pinart signe les lettres patentes;1572; Contemporain à l'auteur; 1572;" ""Ces letres estoyent signees par Pinart secretaire d'estat, le 24. d'Aoust"""
Le Réveille-matin (1574); Sarlaboux jette le corps par la fenestre;1572; Contemporain à l'auteur; 1572;" ""Le corps mort de l'Amiral sut jetté par Sarlaboux par les fenestres de sa chambre"""
Le Réveille-matin (1574); Teligny offre un coursier au roi;1572; Contemporain à l'auteur; 1572;" ""Teligny... fit aussi present au Roy d'un beau & bien adroit coursier Rabicand & vn petit cheval"""
Le Réveille-matin (1574); Thierry Baduere subit le pillage de sa maison;1572; Contemporain à l'auteur; 1572;" ""le sac & pillage de la maison d un tres riche lapidaire, nommé Thierry Baduere"""
Le Réveille-matin (1574); Villemus loge l'arquebusier du massacre;1572; Contemporain à l'auteur; 1572;" ""du logis (où logeoit ordinairement Villemus precepteur du duc de Guyse) luy fut tiree une harquebouzade"""
Le Réveille-matin (1574); Hottoman recueille l'ordre ancien de la Gaule;1573; Contemporain à l'auteur; 1573;" ""dont M. Hottoman nous a fait un fort gentil & riche recueil en son oeuvre Gaule françoise"""
Le Réveille-matin (1574); La Rochelle subit la levée du siège;1573; Contemporain à l'auteur; 1573;" ""le bruit de leur venue avancea la fabrique & publication de ce meschant, trupelu & traistre Edict de paix: & par consequent leva le siege deuant la Rochelle"""
Le Réveille-matin (1574); Monluc et Lansac jurent des articles;1573; Contemporain à l'auteur; 1573;" ""une promesse solennelle, que Monluc & Lansac vous firent de plusieurs articles, qu'ils jurerent au nom de leur Maistre"""
Le Réveille-matin (1574); Roy de Pologne jure d'entretenir les religions;1573; Contemporain à l'auteur; 1573;" ""un exemple recent qu'a donne le Roy de Poloigne, au serment par luy presté... d'entretenir dans Poloigne toutes les religions qui y sont"""
Le Réveille-matin (1574); Sancerre subit la menace du tyran;1573; Contemporain à l'auteur; 1573;" ""cause & moyen de la delivrance des povres gens de Sancerre, que le Tyran estoit resolu de faire manger l'un par l'autre"""
Le Réveille-matin (1574); Birague et Peron manient le Royaume;1520; Contemporain à l'auteur; XVIe siècle;" ""on ne parle plus que des tours de la Royne mere, de Birague, du Peron, & tels estaffiers qui manient tout ce povre Royaume"""
Le Réveille-matin (1574); Childeric est démis par les Estats en 469;469; Haut Moyen Âge; 469;" ""Childeric en est l'un, desmis en l'an 469. Eudon, l'autre desmis un peu apres"""
Le Réveille-matin (1574); Chilperic 4 est reçu par le roy de Lorraine;715; Haut Moyen Âge; VIIIe siècle;" ""On lit de Chilperic 4. roy de France... fut receu à refuge par le roy de Lorraine Loys"""
Le Réveille-matin (1574); Charlemagne est le père de Pépin;742; Haut Moyen Âge; VIIIe siècle;" ""que ceux de Lorraine se disobent descendus de Charlemagne, fils de Pepin roy de France"""
Le Réveille-matin (1574); Hugues Capet usurpe le trône;988; Haut Moyen Âge; 988;" ""que les Huguenots ne desireroyent rien mieux, que de vous voir remis au throsne que Hugues Capet usurpa sur les Roys vos predecesseurs"""
Le Réveille-matin (1574); Loys le Quint meurt en l'an 988;988; Haut Moyen Âge; 988;" ""apres la mort de Loys le Quint 34. Roy de France, en l'an 988... Hugues Capet usurpa le Royaume"""
Le Réveille-matin (1574); Vvenceslaus est privé de l'Empire par les Electeurs;1400; Moyen Âge tardif; 1400;" ""Vvenceslaus Empereur privé par eux de l'Empire l'an 1400. Munster recite la forme"""
Le Réveille-matin (1574); Jean Huz meurt brûlé à Constance;1415; Moyen Âge tardif; 1415;" ""au Concile de Constance, auquel Jean Huz fut bruslé contre le sauf-conduit de l'Empereur"""
Le Réveille-matin (1574); Charles septieme tue le duc de Bourgongne;1419; Moyen Âge tardif; 1419;" ""Charles septieme, roy de France... il le tua sur le pont d'Yonne le duc de Bourgongne"""
Le Réveille-matin (1574); Antoine Spinole tranche la teste des seigneurs de Corse;1460; Moyen Âge tardif; XVe siècle;" ""Antoine Spinole... ayauit juré & donné sa soy aux Princes, seigneurs, & grans personnages de Corse... leur fit à tous trencher la teste"""
Le Réveille-matin (1574); Zizim est reçu par le pape Innocent;1489; Moyen Âge tardif; XVe siècle;" ""receurent Zizim ou Gemes Turc dejeté de l'Empire par Bajazet son frere, voire mesmes le pape Innocent"""
Le Réveille-matin (1574); Familles des Palatins fournissent des Empereurs;; Moyen Âge tardif; XIVe-XVe siècle;" ""le sacré Empire des Romains se peut dire l'estre aux familles des Palatins, des Saxons, de ceux de Bavieres"""
Le Réveille-matin (1574); Familles des Saxons fournissent des Empereurs;; Moyen Âge tardif; XIVe-XVe siècle;" ""le sacré Empire des Romains se peut dire l'estre aux familles des Palatins, des Saxons, de ceux de Bavieres"""
Le Réveille-matin (1574); Paris commet une perfidie contre Menelaus;je ne sais pas; Mythologie; Antiquité;" ""eversion de Troye pour la perfidie commise par Paris à Menelaus"""
Le Réveille-matin (1574); Satyre baise le feu de Promethee;je ne sais pas; Mythologie; Antiquité;" ""Ainsi le Satyre indiscret voyant... esclairer le feu trouvé par Promethee, le trouva si beau qu'il l'alla baiser"""
Question Politique (1569); Adam fait alliance avec Dieu;-4000; Antiquité biblique; Antiquité;" ""Dieu se demettant de sa Majesté... a contracté & capitulé avec son peuple par plusieurs fois? Premierement avec **Adam**"" [5]"
Question Politique (1569); Noé fait alliance avec Dieu;-2348; Antiquité biblique; Antiquité;" ""Dieu se demettant de sa Majesté... a contracté & capitulé avec son peuple... Premierement avec Adam, & puis avec **Noé**"" [5]"
Question Politique (1569); Abraham fait alliance avec Dieu;-1900; Antiquité biblique; Antiquité;" ""Dieu se demettant de sa Majesté... a contracté & capitulé avec son peuple... tiercement avec **Abraham**, Isaac & Jacob"" [5]"
Question Politique (1569); Isaac fait alliance avec Dieu;-1804; Antiquité biblique; Antiquité;" ""Dieu se demettant de sa Majesté... a contracté & capitulé avec son peuple... tiercement avec Abraham, **Isaac** & Jacob"" [5]"
Question Politique (1569); Jacob fait alliance avec Dieu;-1760; Antiquité biblique; Antiquité;" ""Dieu se demettant de sa Majesté... a contracté & capitulé avec son peuple... tiercement avec Abraham, Isaac & **Jacob**"" [5]"
Question Politique (1569); Pharaon achète les biens de ses sujets;-1707; Antiquité biblique; Antiquité;" ""Les saintes lettres nous monstrent les achats que fit **Pharaon** des biens de ses subjets"" [1]"
Question Politique (1569); Moïse conduit le peuple d'Israël;-1491; Antiquité biblique; Antiquité;" ""Dieu se demettant de sa Majesté... a contracté & capitulé avec son peuple... puis avec **Moyse** & tout **Israël**"" [5]"
Question Politique (1569); Rois d'Israël procèdent de l'élection des peuples;-1095; Antiquité biblique; Antiquité;" ""l'origine des justes & legitimes Rois est procedée par election des peuples: come il appert par l'institution des **Rois d'Israël**"" [2, 3]"
Question Politique (1569); Salomon fait alliance avec Dieu;-1004; Antiquité biblique; Antiquité;" ""Dieu se demettant de sa Majesté... a contracté & capitulé avec son peuple... consequemment avec David & **Salomon**"" [5]"
Question Politique (1569); David fait alliance avec Dieu;-1003; Antiquité biblique; Antiquité;" ""Dieu se demettant de sa Majesté... a contracté & capitulé avec son peuple... consequemment avec **David** & Salomon"" [5]"
Question Politique (1569); Roboam refuse de transiger avec ses sujets;-931; Antiquité biblique; Antiquité;" ""**Roboam**... lequel à la verité refusa & dedaigna de transiger accorder & capituler avec ses humbles subjetz"" [4]"
Question Politique (1569); Jézabel commande de tuer les ministres de Dieu;-860; Antiquité biblique; Antiquité;" ""La Royne **Jesabel** commanda qu'on tuast tous les ministres de la parole de Dieu"" [1, 7]"
Question Politique (1569); Nabot subit la prise de sa vigne;-860; Antiquité biblique; Antiquité;" ""la prise de la vigne de **Nabot**, & autres semblables contrats faits reciproquement entre les Princes & subjets"" [1]"
Question Politique (1569); Hérode ordonne le massacre des Seigneurs;-4; Antiquité biblique; Ier siècle;" ""**Herodes** estant malade fit prendre tous les **Seigneurs** de son pays, & enjoignit à ses domestiques qu'ilz fussent tous mis à mort"" [6]"
Question Politique (1569); Lycurgue établit un Sénat à Sparte;-800; Antiquité classique; Antiquité;" ""un **Senat** de **Sparte** establi par **Lycurgue**, pour modifier la volonté des Rois"" [8-10]"
Question Politique (1569); Théopompe assure son Royaume par des correcteurs;-720; Antiquité classique; Antiquité;" ""**Theopompe** Roy de **Sparte**, que par le moyen de telz correcteurs & emendateurs... son Royaume en sera plus seur"" [10, 11]"
Question Politique (1569); Numa Pompilius reçoit l'appel du peuple romain;-715; Antiquité classique; Antiquité;" ""duquel nombre ont esté **Nume** second Roy de **Rome**, appellé le divin"" [12]"
Question Politique (1569); Phalaris subit la haine de ses sujets;-562; Antiquité classique; Antiquité;" ""considérer la vie des Rois cruelz & tyrans... d'Alexandre Pherée, de **Phalaris**, de Tarquin le superbe"" [19]"
Question Politique (1569); Cambise désire épouser sa propre sœur;-525; Antiquité classique; Antiquité;" ""**Cambise** Roy de Perse dedié à toute impudicité, eut envie d'espouser sa seur"" [14]"
Question Politique (1569); Tarquin le superbe perd son Empire;-509; Antiquité classique; Antiquité;" ""Phalaris, de **Tarquin le superbe**... privez de leurs puissances, & spoliez de leurs Empires par leurs peuples"" [19, 20]"
Question Politique (1569); Gélon en Syracuse rend compte de sa gestion;-482; Antiquité classique; Antiquité;" ""Thesée à Athenes, & **Gelon** en **Syracuse**, se presentans à toutes heures nuds"" [10]"
Question Politique (1569); Alexandre Pherée est tué par ses proches;-358; Antiquité classique; Antiquité;" ""considérer la vie des Rois cruelz & tyrans... d'**Alexandre Pherée**, de Phalaris, de Tarquin le superbe"" [19]"
Question Politique (1569); Hérostrate brûle le temple de Diane à Éphèse;-356; Antiquité classique; Antiquité;" ""**Herostrate** qui mit le feu dedans le memorable temple de Diane d'**Ephese**"" [15]"
Question Politique (1569); Denys le Tyran est spolié de sa puissance;-343; Antiquité classique; Antiquité;" ""considérer la vie des Rois cruelz & tyrans... des deux **Denys**, & d'Agathocle Rois de Syracuse"" [19]"
Question Politique (1569); Philippe de Macédoine ruine la ville de Thèbes;-335; Antiquité classique; Antiquité;" ""**Philippe** Roy de Macedoine fit de froit sang ruiner **Thebes**, & tuer une infinité de notables citoyens"" [7]"
Question Politique (1569); Philippe ruine la ville de Thèbes;-335; Antiquité classique; Antiquité;" ""**Philippe** Roy de Macedoine fit de froit sang ruiner **Thebes**, & tuer une infinité de notables citoyens"" [7, 19]"
Question Politique (1569); Agathocle est cité parmi les tyrans de Syracuse;-303; Antiquité classique; Antiquité;" ""considérer la vie des Rois cruelz & tyrans... des deux Denys, & d'**Agathocle** Rois de Syracuse"" [19]"
Question Politique (1569); Sagontins choisissent de se consumer par le feu;-219; Antiquité classique; Antiquité;" ""faire comme les **Sagontins**, qui aimerent mieux se consommer par feu avec leurs femmes & enfans"" [18]"
Question Politique (1569); Paul Aemyle enrichit son armée par le pillage;-167; Antiquité classique; Antiquité;" ""piller soixante & dix villes de l'Empire... pour seulement enrichir l'armée de **Paul Aemyle**"" [7]"
Question Politique (1569); Paul Émile pille soixante et dix villes;-167; Antiquité classique; Antiquité;" ""piller soixante & dix villes de l'Empire... pour seulement enrichir l'armée de **Paul Aemyle**"" [7]"
Question Politique (1569); Blosse refuse de trahir Gracchus lors d'un interrogatoire;-133; Antiquité classique; Antiquité;" ""comme fit **Blosse** à l'interrogatoire qu'on luy proposa, pour les entreprises de Tybere **Gracche**"" [17]"
Question Politique (1569); Sylla tue les légions de son propre parti;-82; Antiquité classique; Ier siècle av. J.-C.;" ""Autant en fit **Sylla** Dictateur de quelques legions Romaines, qui avoyent abandonné son ennemi"" [16]"
Question Politique (1569); Auguste est un modèle de félicité;-7; Antiquité classique; Ier siècle;" ""procedant à la reception des autres Empereurs, il leur desiroit la felicité d'**Auguste**, & bonté de Trajan"" [12]"
Question Politique (1569); Néron subit la corruption de la licence;61; Antiquité classique; Ier siècle;" ""Pareille licence fut engravée en l'esprit de **Neron**, apres les cinq ans esquelz il avoit assez bien fait son devoir"" [13]"
Question Politique (1569); Vitellius finit ses jours misérablement;69; Antiquité classique; Ier siècle;" ""de **Vitelle**, Domitian, Commode, Heliogabale, & infiniz autres que je supersederay de nommer"" [20]"
Question Politique (1569); Titus reçoit le nom de délices du genre humain;80; Antiquité classique; Ier siècle;" ""**Tite** Empereur, appellé les delices du genre humain, pour l'humanité de sa vie"" [12]"
Question Politique (1569); Domitien est meurtri par ses domestiques;96; Antiquité classique; Ier siècle;" ""de Vitelle, **Domitian**, Commode, Heliogabale... les autres tuez & meurtriz cruellement par leurs subjetz"" [20]"
Question Politique (1569); Trajan reçoit le témoignage public du Sénat;98; Antiquité classique; IIe siècle;" ""**Trajan** nommé le bon, duquel le **Senat** Romain avoit retenu ce tesmoignage public"" [12]"
Question Politique (1569); Commode vit dans les frayeurs et soupçons;190; Antiquité classique; IIe siècle;" ""la vie de **Commode** pleine de craintes, de frayeurs & soupçons, voire jusques à se deffier de leurs femmes"" [20]"
Question Politique (1569); Julie persuade Caracalla d'épouser sa marâtre;202; Antiquité classique; IIIe siècle;" ""**Caracalle** Empereur de Rome fut induit par façons impudiques de **Julie** sa marastre de l'espouser"" [14]"
Question Politique (1569); Héliogabale mène une vie licentieuse;220; Antiquité classique; IIIe siècle;" ""la vie de **Heliogabale** comme elle à esté licentieuse, vitieuse & abandonnée"" [20]"
Question Politique (1569); Alexandre Sévère administre justement son Empire;229; Antiquité classique; IIIe siècle;" ""De pareil ordre sera **Alexandre Severe** Empereur, ne cedant à aucun Roy en juste & politique administration"" [12]"
Question Politique (1569); Grenade participent aux États d'Espagne;1520; Contemporain à l'auteur; XVIe siècle;" ""Le Roy d'Hespagne és Royaumes de Castille, d'Arragon, Cataloigne, **Grenade**"" [63, 64]"
Question Politique (1569); Marseille jouit de grands privilèges;1520; Contemporain à l'auteur; XVIe siècle;" ""**Marseille** a encores plus grans & authentiques privileges"" [45]"
Question Politique (1569); Grand Conseil de Venise modère la volonté du Duc;1520; Contemporain à l'auteur; XVIe siècle;" ""grand conseil de **Venise** ordonné pour semblable effet à l'entour de leur **Duc**"" [9, 68]"
Question Politique (1569); Électeurs se reconnaissent sujets de l'Empire;1520; Contemporain à l'auteur; XVIe siècle;" ""**Electeurs** de l'**Empire** qui sont sept grans Seigneurs... se reconnoissent subjetz de l'Empire"" [67-69]"
Question Politique (1569); Peuple de Portugal garde le bien du pays;1520; Contemporain à l'auteur; XVIe siècle;" ""Le pareil se pratique en **Portugal**, Angleterre, Escosse, Navarre & Bearn"" [65]"
Question Politique (1569); Castillans déduisent leurs griefs aux États;1520; Contemporain à l'auteur; XVIe siècle;" ""Le Roy d'Hespagne és Royaumes de **Castille**... les estatz le deduisent par forme de grief"" [63, 64]"
Question Politique (1569); Cataloignes s'assemblent annuellement aux États;1520; Contemporain à l'auteur; XVIe siècle;" ""Le Roy d'Hespagne és Royaumes de Castille, d'Arragon, **Cataloigne**, Grenade"" [63, 64]"
Question Politique (1569); François Ier refuse de démembrer la Bourgogne;1526; Contemporain à l'auteur; 1526;" ""Le Roy **François**... ayant esté pris prisonnier... n'eust point pouvoir de demembrer la **Bourgoigne**"" [40, 46-49]"
Question Politique (1569); Duc de Florence reçoit sa charge par écrit;1537; Contemporain à l'auteur; XVIe siècle;" ""Seigneurs feudataires de l'Empire, comme les Ducz de Milan, de **Florence**, & autres"" [68]"
Question Politique (1569); Chancelier Poyet veut imposer la ville d'Orléans;1542; Contemporain à l'auteur; XVIe siècle;" ""le Roy François premier par l'avis du **Chancelier Poyet** vouloit imposer sur icelle pour la ruiner"" [50]"
Question Politique (1569); Duc de Milan reçoit sa charge par écrit;1546; Contemporain à l'auteur; XVIe siècle;" ""Seigneurs feudataires de l'Empire, comme les **Ducz de Milan**, de Florence, & autres"" [68]"
Question Politique (1569); Province de Guyenne rachète la gabelle du sel;1548; Contemporain à l'auteur; XVIe siècle;" ""La **Guyene** à usé de pareil rachat de la gabelle du sel. Ce sont capitulations"" [50]"
Question Politique (1569); Connestable Montmorency préfère la guerre aux sujets;1550; Contemporain à l'auteur; 1550s;" ""le pauvre **Montmorency Connestable**... osa dire qu'il valoit mieux que le Roy eust guerre"" [56]"
Question Politique (1569); Henri II veut introduire l'inquisition en France;1555; Contemporain à l'auteur; 1555;" ""vivant & regnant le Roy **Henry deuzieme**... pour introduire en son Royaume l'**inquisition**"" [51-53]"
Question Politique (1569); Parlement de Paris résiste à l'inquisition;1555; Contemporain à l'auteur; 1555;" ""ne peut faire flechir la rondeur & integrité des juges du **Parlement de Paris**"" [51, 52]"
Question Politique (1569); Peuple de Navarre et Béarn use de ce même droit;1555; Contemporain à l'auteur; XVIe siècle;" ""Le pareil se pratique en Portugal, Angleterre, Escosse, **Navarre** & **Bearn**"" [65]"
Question Politique (1569); Défaite de Saint Quentin affaiblit la France;1557; Contemporain à l'auteur; 1557;" ""capitulations qui surent faites avec l'ennemi public apres la perte de la rencontre **Saint Quentin**"" [56]"
Question Politique (1569); Paul IV ensanglante la Chrétienté;1557; Contemporain à l'auteur; 1557;" ""le saint Pere **Paul Carafe**... par laquelle toute la **Chrestienté** fut ensanglantée"" [18, 53]"
Question Politique (1569); Peuple d'Angleterre pratique ces mêmes États;1558; Contemporain à l'auteur; XVIe siècle;" ""Le pareil se pratique en Portugal, **Angleterre**, Escosse, Navarre & Bearn"" [65]"
Question Politique (1569); Anne du Bourg meurt par le feu avec constance;1559; Contemporain à l'auteur; 1559;" ""le pauvre **Bourg** à souffrir mort par le feu... avec telle constance & grace de Dieu"" [18, 54, 55]"
Question Politique (1569); Conseiller de Foix est emprisonné pour son opinion;1559; Contemporain à l'auteur; 1559;" ""trainer tyranniquement en prison plusieurs bons & notables conseillers, & entre autres **de Foix**"" [54]"
Question Politique (1569); Conseiller du Faur est arrêté pour avoir opiné;1559; Contemporain à l'auteur; 1559;" ""trainer tyranniquement en prison plusieurs bons & notables conseillers, & entre autres **du Faur**"" [54]"
Question Politique (1569); Conseiller Fumée est emprisonné tyranniquement;1559; Contemporain à l'auteur; 1559;" ""trainer tyranniquement en prison plusieurs bons & notables conseillers... entre autres **Fumée**"" [54]"
Question Politique (1569); Antoine de Navarre manque de fermeté;1560; Contemporain à l'auteur; 1560s;" ""si le feu Roy de **Navarre Antoine** eust sceu garder constance & fermeté en ses deliberations"" [61]"
Question Politique (1569); Arragonois tiennent les États chaque année;1560; Contemporain à l'auteur; XVIe siècle;" ""Le Roy d'Hespagne és Royaumes de Castille, d'**Arragon**... à accoustumé de tenir les estatz"" [63, 64]"
Question Politique (1569); États d'Orléans profitent grandement au Royaume;1560; Contemporain à l'auteur; 1560;" ""nous avons veu en ce tems combien proffiterent les estatz tenuz à **Orleans**"" [59, 60]"
Question Politique (1569); Peuple d'Escosse maintient ses coutumes par les États;1560; Contemporain à l'auteur; XVIe siècle;" ""Le pareil se pratique en Portugal, Angleterre, **Escosse**, Navarre & Bearn"" [65, 66]"
Question Politique (1569); Ville d'Orléans rachète l'imposition foraine;1560; Contemporain à l'auteur; XVIe siècle;" ""La ville d'**Orleans** a racheté de nostre tems... l'imposition foraine"" [50]"
Question Politique (1569); Jean de Poltrot opprime l'affectateur de la tyrannie;1563; Contemporain à l'auteur; 1563;" ""magnanimité & grandeur de cœur de **Jean de Poltrot**... opprima l'affectateur de la tyrannie"" [57, 58]"
Question Politique (1569); Arlésiens refusent le paiement du taillon;1520; Contemporain à l'auteur; XVIe siècle;" ""Les habitans d'**Arles** en Provence... s'opposerent d'y estre cottisez au taillon"" [50, 62]"
Question Politique (1569); Villes-franches de l'Empire vivent en état populaire;1520; Contemporain à l'auteur; XVIe siècle;" ""**villes-franches**... lesquelles par pactions & capitulations... vivent en estat populaire"" [65, 67]"
Question Politique (1569); Childéric I perd son royaume pour ses vices;457; Haut Moyen Âge; Ve siècle;" ""vices de **Childeric** & Theodoric premiers de ce nom... furent chassez & privez de leur Royaume"" [21]"
Question Politique (1569); Théodoric I est chassé de son royaume;507; Haut Moyen Âge; Ve siècle;" ""vices de Childeric & **Theodoric** premiers de ce nom... furent chassez & privez de leur Royaume"" [21]"
Question Politique (1569); Bertaire refuse de capituler avec les sujets;661; Haut Moyen Âge; VIIe siècle;" ""**Bertaire** pernitieux conseiller... qui tenoit le parti contraire, & consequemment la main à ce qu'un Roy ne capitulast"" [27-30]"
Question Politique (1569); Bodelle venge son honneur par le meurtre du roi;675; Haut Moyen Âge; VIIe siècle;" ""**Bodelle** gentil-homme de cœur, pour la cruauté commise envers luy, de l'avoir fait foüetter"" [22]"
Question Politique (1569); Childéric II meurt pour sa cruauté;675; Haut Moyen Âge; 675;" ""**Childeric** second fut recompensé par un plus grief loyer, ayant esté tué avec sa femme enceinte"" [22]"
Question Politique (1569); Pépin d'Herstal réconcilie les bannis avec le prince;690; Haut Moyen Âge; VIIe siècle;" ""se reconcilierent avec leur Prince par l'intercession de **Pepin** qui fut establi general Maire du Palais"" [29]"
Question Politique (1569); Maires du Palais spolient les rois;700; Haut Moyen Âge; VIIIe siècle;" ""faisoyent ancienement les **Maires du Palais** ses predecesseurs Rois, à fin de le priver quelque jour"" [27, 29, 32, 33]"
Question Politique (1569); Charles Martel s'abstient de licence tyrannique;724; Haut Moyen Âge; VIIIe siècle;" ""depuis **Charles Martel** ou Pepin son fils, nul de noz Rois s'est tant desbordé"" [26]"
Question Politique (1569); Pépin le Bref prive son roi du royaume;751; Haut Moyen Âge; 751;" ""commettre une execrable desloyauté contre leur Roy Childeric... par le moyen de **Pepin**"" [23, 24]"
Question Politique (1569); Zacharie résiste à la demande de Pépin;751; Haut Moyen Âge; 751;" ""**Zacharie** pour lors seant au Papat, qui du commencement resista, ou bien subsista sur telle demande"" [25]"
Question Politique (1569); Charles le Simple résigne son Royaume à Raoul;923; Haut Moyen Âge; 923;" ""subjetz de **Charles le simple**, lesquelz consentirent à la resignation qu'il avoit faite par force"" [31]"
Question Politique (1569); Raoul de Bourgogne reçoit le royaume par force;923; Haut Moyen Âge; 923;" ""resignation qu'il avoit faite par force de son Royaume à **Raoul** Duc de Bourgoigne"" [31]"
Question Politique (1569); Charles VI gouverne sous l'avis des États;1356; Moyen Âge tardif; XVe siècle;" ""apres l'alienation fortuite de sens d'iceluy Roy **Charles VI**... ne voulurent s'entremesler... sans le semblable avis"" [37, 38]"
Question Politique (1569); Jean II est fait prisonnier à la journée de Poitiers;1356; Moyen Âge tardif; 1356;" ""Le Roy **Jean** ayant esté fait prisonnier du Roy d'Angleterre à la journée de **Poitiers**"" [34]"
Question Politique (1569); Étienne Marcel sauve le dauphin par un chaperon;1358; Moyen Âge tardif; 1358;" ""eust esté opprimé sans le chapperon de couleur que luy bailla le Prevost des marchans nommé **Estienne Marcel**"" [39]"
Question Politique (1569); Charles V recouvre la Guyenne par voie d'appel;1370; Moyen Âge tardif; XIVe siècle;" ""regnant **Charles le quint** son s'ilz, qui ne pensoit aucunement au recouvrement de la Guyene"" [35, 36]"
Question Politique (1569); La Rochelle se soumet contractuellement au roi de France;1372; Moyen Âge tardif; 1372;" ""**La Rochelle**, qui se retira de la puissance de l'Anglois pour se soumettre aux François"" [44, 45]"
Question Politique (1569); Chancelier Dormans conseille le roi sur l'appel;1378; Moyen Âge tardif; XIVe siècle;" ""**Dormans** (qui despuis fut son Chancelier) ayant la teste plus plombée & resolüe... luy persuada"" [36]"
Question Politique (1569); Duc d'Anjou refuse la tutelle sans les États;1407; Moyen Âge tardif; XIVe siècle;" ""**Ducz d'Anjou**, de Bourgoigne & de Bourbonnois ses freres... ne se voulurent entremettre de la tutelle"" [38]"
Question Politique (1569); Duc de Bourbonnois refuse la tutelle sans les États;1407; Moyen Âge tardif; XIVe siècle;" ""Ducz d'Anjou, de Bourgoigne & de **Bourbonnois** ses freres, apres sa mort ne se voulurent entremettre"" [38]"
Question Politique (1569); Duc de Bourgogne refuse la tutelle sans les États;1407; Moyen Âge tardif; XIVe siècle;" ""Ducz d'Anjou, de **Bourgoigne** & de Bourbonnois... ni entreprendre l'administration... sans l'avis des estatz"" [38]"
Question Politique (1569); Comte d'Armaignac interjette un appel au roi;1410; Moyen Âge tardif; XIVe siècle;" ""les bons subjetz du Royaume, & entre autres le **Comte d'Armaignac** interjetta une appellation"" [36]"
Question Politique (1569); Duc de Guyenne meurt par empoisonnement;1412; Moyen Âge tardif; XVe siècle;" ""presumption d'avoir fait empoisonner son frere le **Duc de Guyene**. Aussi les histoires tesmoignent"" [42]"
Question Politique (1569); Charles VII est privé de sa succession par contrat;1420; Moyen Âge tardif; 1420;" ""en priva par contract son filz **Charles septieme**. Les villes d'Orleans, Bourges & autres ne voulurent obeir"" [40]"
Question Politique (1569); Louis XI suscite la guerre du bien commun;1465; Moyen Âge tardif; XVe siècle;" ""**Loys unzieme**, lequel au moyen de l'austerité de ses meurs... suscita à l'encontre de luy une guerre civile"" [26, 41]"
Question Politique (1569); Charles VIII tient les États à Tours;1484; Moyen Âge tardif; 1484;" ""utilité qu'apporterent au Royaume les estatz tenuz à **Tours** au commencement du regne du Roy **Charles huitiesme**"" [41, 43]"
Question Politique (1569); Oreste est persécuté par les furies vengeresses;je ne sais pas; Mythologie; Antiquité;" ""perpetuellement persecuté des furies vengeresses de telz delitz... telle qu'on a descrit celle d'**Oreste**"" [70]"
Question Politique (1569); Thésée se présente nu devant les citoyens;je ne sais pas; Mythologie; Antiquité;" ""comme firent Lycurgue & Theopompe à Sparte, **Thesée** à Athenes... se presentans à toutes heures nuds"" [10]"
;;je ne sais pas;;;
